client_id,subscribe
2986,0
29710,0
38938,0
31313,0
24173,0
14426,1
40159,0
12301,0
9640,0
19742,1
5967,0
25559,0
34976,0
38126,0
17369,0
40632,0
37544,0
11284,0
36717,0
14536,0
26503,0
22763,0
32953,0
413,0
10762,0
14745,0
25946,0
14804,0
6790,0
30453,0
27455,0
29826,0
13689,0
13795,0
1835,1
41043,0
10563,0
38265,0
10848,0
41155,0
22925,0
28583,0
29133,0
7588,0
5242,1
11667,0
22369,0
5409,0
25931,0
19851,0
17993,0
6007,0
38467,1
27753,0
32117,0
38191,0
3984,0
22119,0
6333,0
2894,0
23883,0
27380,0
25244,0
4913,0
13238,0
36086,0
11187,0
16635,0
38210,0
6312,0
24671,0
34134,0
40160,0
20698,0
79,0
4518,0
9448,0
1230,0
3080,0
31315,0
4972,0
3509,0
17220,0
28577,0
2777,0
30712,0
17749,0
11126,1
2748,0
13376,0
39084,0
32128,0
19927,0
10216,0
27913,0
9174,0
7657,0
7132,0
38920,0
22344,0
20878,0
29851,0
36385,0
8539,0
36671,0
24243,0
8905,0
1963,0
23294,0
8482,0
13102,0
16011,0
3804,0
24378,0
26034,0
38947,0
33285,0
14816,0
28852,0
2761,0
37853,0
40302,0
4297,0
8946,0
6529,0
7053,0
20995,0
40459,1
11166,0
39155,1
1627,0
31167,0
28613,0
38376,0
11735,0
12053,0
40133,0
12336,0
30541,0
32580,0
28535,0
25008,0
41164,0
32661,0
25948,0
7348,0
28676,0
36480,0
39116,0
27525,0
887,0
28360,0
914,0
16385,0
15198,0
31218,0
5799,0
25932,0
20474,0
10943,0
38854,0
11688,0
8181,0
30774,0
22642,0
15017,0
12248,0
18671,0
39113,0
5459,0
40332,0
4176,0
33598,0
24730,0
12921,0
39404,0
384,0
24163,0
1191,0
30006,0
16707,0
30933,0
40197,0
33442,1
39150,0
29444,0
303,0
31566,0
1003,0
15390,0
4676,0
21973,0
14632,0
9008,0
16090,0
40269,0
5392,0
24790,0
18937,0
16886,0
31072,0
16021,0
23569,0
30092,0
9046,0
29573,0
29397,0
14539,0
15886,1
12893,0
13092,0
31389,0
41003,0
10666,0
17674,0
25855,0
20665,0
1762,0
18420,0
14303,0
9813,0
3271,0
10557,0
26367,0
29417,0
30526,0
11276,0
8412,0
18535,0
21542,0
30549,0
16087,0
35716,0
27644,0
328,0
15127,0
13835,0
4798,0
10247,0
4809,0
30856,0
16225,0
528,0
24743,0
663,0
20475,0
793,0
41098,0
22232,0
25036,0
32489,0
34867,0
16007,1
3632,1
29532,0
39728,0
13054,0
22253,0
40988,0
38557,0
32411,0
20316,0
40964,0
17670,0
21634,0
32798,0
27056,0
36904,0
5081,0
9386,0
37023,0
10355,0
10870,0
6440,0
17089,0
4738,0
11683,0
35532,0
29127,0
23053,0
38288,0
22510,0
10956,0
11978,0
7748,0
24581,0
27049,0
4288,0
613,0
30504,0
39739,0
25356,0
14130,0
36997,0
26602,0
17161,0
26557,0
13596,0
11181,0
5291,0
18575,0
24008,0
5251,0
28283,0
12285,0
5087,0
29587,0
1936,0
18559,0
8980,0
4399,0
27818,0
9940,0
21650,0
13800,0
5456,0
7432,0
3527,0
28362,0
15786,0
8314,0
37223,0
22340,0
27772,0
21811,0
40404,0
8062,0
14964,0
41160,0
2539,0
1055,0
22262,0
34250,0
35546,1
21846,0
22781,0
34845,0
316,0
33190,0
18669,0
22345,0
19935,0
18585,0
9546,0
39794,0
27695,0
6531,0
40360,0
6431,0
1004,0
39077,0
29649,0
8259,0
31978,0
30398,0
11496,0
12716,0
16766,0
36871,0
9248,0
37983,0
25641,0
16151,0
23979,0
16444,0
10865,0
23947,0
4427,0
26921,0
37389,0
854,0
3831,0
28509,0
35421,0
1158,0
29049,0
18217,0
5932,0
25788,0
31410,0
37807,0
19126,0
23631,0
12976,0
31805,0
21512,0
7354,0
27649,0
9901,0
10610,0
21502,0
17458,0
33439,0
10358,0
1746,0
20497,0
5103,0
287,0
18818,0
8313,0
2963,0
3214,0
7902,0
40215,0
23797,0
38791,0
33495,0
31519,0
41163,0
15971,0
22363,0
39285,0
29515,0
25306,0
7188,0
5072,0
22158,0
16438,0
718,0
12411,0
10241,0
30318,0
8024,0
33857,0
21719,0
19463,0
12143,0
9659,0
910,0
39014,0
19193,0
24738,0
23380,0
16245,0
20997,0
5858,0
11430,1
24530,0
26194,0
28260,0
13584,0
10478,0
22248,0
20256,0
25479,0
11602,0
37857,0
22132,0
1278,0
23897,0
26439,0
5264,0
40231,0
35321,0
20230,0
9411,0
1714,0
8464,0
1604,0
38443,0
32614,0
17138,0
36933,0
13472,0
10454,0
26379,1
10267,1
22999,0
5008,0
13071,0
9745,0
34890,0
19128,0
4002,0
26299,0
36290,0
28521,0
22506,0
36231,0
206,0
25012,0
15792,0
36456,0
27920,0
20222,0
37986,0
6875,0
38258,0
11799,0
16856,0
34256,0
33859,0
20170,1
7083,0
30880,0
40989,0
32929,0
32826,0
10391,0
18135,0
36182,0
20921,0
6397,0
22430,0
2960,1
15179,0
532,0
20578,0
16858,0
1682,0
7828,0
28789,0
15211,0
33127,0
2356,0
26889,0
2413,0
27849,0
4638,0
25431,0
32371,1
22542,0
21302,0
28786,0
20816,0
34421,0
23704,0
28841,0
21234,0
29435,0
24364,0
37561,0
2391,0
23172,0
39591,0
12020,0
21645,0
11138,0
17384,0
32691,0
17248,0
26795,0
36499,0
33484,0
18311,0
20746,0
10625,0
35518,0
39678,0
24302,0
19061,0
27524,0
17438,0
38931,0
37998,0
32635,0
29907,0
30287,0
29870,0
29576,0
3948,0
27058,0
28692,0
15861,0
34397,0
19274,0
17351,0
12647,0
8149,0
29626,0
17783,0
36461,0
3108,0
38760,0
13581,0
2172,0
35240,0
36502,0
32345,0
4982,0
37683,0
26476,0
24006,0
13032,0
26851,0
22610,0
6063,0
19554,0
15195,0
27081,0
19954,0
34911,0
24876,0
39751,0
16936,0
33378,0
9265,0
18978,0
8527,0
9311,0
33096,0
3847,0
6882,1
22107,0
17443,0
24024,0
29493,0
13888,0
38181,0
21619,0
35273,0
9468,0
38385,0
27848,0
15271,0
30981,0
5750,0
13752,0
18318,0
30193,0
37685,0
33943,0
13867,0
37814,0
31364,0
25742,0
4713,0
33777,0
39878,0
7045,0
32336,0
21430,0
27711,0
6337,1
39716,0
12151,0
16340,0
21329,0
18926,0
25501,0
14775,0
35152,0
27864,0
1674,0
27595,0
39452,0
12018,0
17354,0
3523,0
11111,0
32712,0
15159,0
27323,0
34613,0
31636,1
15710,0
13459,0
36358,0
33560,1
16369,0
24986,0
1993,0
32728,0
17092,0
34292,0
13119,0
5944,0
13144,0
18638,0
13971,0
36345,0
17744,0
40837,0
16015,0
28969,0
36792,0
21461,0
354,0
31999,0
13723,0
5583,0
25817,0
7153,0
14830,0
8373,0
10726,0
57,0
25118,0
36015,0
33685,0
3420,0
28152,0
6004,0
16668,0
9765,0
5879,0
7920,0
7272,0
33135,0
29604,0
1660,0
9921,0
2747,0
11379,0
32194,0
40361,0
34109,0
10946,0
19672,0
5013,1
19705,0
20349,0
7918,0
8847,0
24409,0
7599,0
29312,0
23652,0
10722,0
30164,0
27035,0
6774,0
26707,0
37186,0
28168,0
27860,0
5360,0
13473,0
21008,0
10879,0
28932,0
28844,0
17683,0
3374,0
9453,0
18021,0
11374,0
16897,0
34263,0
24634,0
38427,0
12832,0
21607,0
4606,0
25941,0
12297,0
27487,0
37861,0
18767,0
1755,0
37101,0
39903,0
18714,0
15349,1
38234,0
3758,0
33330,0
486,0
32624,0
36743,0
2458,0
38828,0
22898,0
22900,0
9452,1
16016,0
4631,0
7384,0
12615,0
37791,0
18188,0
30262,0
32012,0
26838,0
1573,0
40661,0
11306,0
27276,1
24597,0
1872,0
37468,0
28622,0
31022,0
22163,0
36256,0
26520,0
8395,0
15742,0
10362,0
39700,0
26029,0
19494,0
11120,0
9968,0
2026,0
24325,0
1616,0
4991,0
7953,0
3526,0
5608,0
23539,0
3221,0
19190,0
15001,0
12793,0
27880,0
21942,0
12438,0
24545,0
14786,0
18080,0
40657,0
33855,1
28224,0
15481,0
1532,0
8794,0
11487,0
24275,0
13052,0
29217,0
19028,0
1151,0
37367,0
27726,0
3756,0
21486,0
33923,0
15839,1
21395,0
32582,0
39904,0
29162,0
22350,0
4489,0
38489,0
11843,0
4749,0
27728,0
15226,1
39839,0
10141,0
9018,0
16691,0
21642,0
21893,0
17289,0
24075,0
38426,0
28574,0
7446,0
33450,0
33980,0
20001,0
32454,0
1907,0
31554,0
31731,0
30779,0
37123,0
32711,0
10825,0
37756,0
41007,0
31012,0
37951,0
5817,0
3864,0
8625,0
19179,0
35252,0
21471,0
18859,0
17586,0
26321,0
10210,0
7888,0
32188,0
16086,0
40931,1
21399,0
39615,0
11594,0
17383,0
39400,0
20639,0
15213,0
17363,0
34035,0
14516,0
23385,0
744,0
13664,0
13720,0
33551,0
36523,0
36767,0
8334,0
39866,0
7914,0
6339,1
14401,0
7078,0
883,0
17498,0
25555,0
9352,0
37496,0
8447,0
37605,0
4659,1
14097,0
27983,0
11466,0
36495,0
15743,0
506,0
7186,1
12058,0
17173,0
29747,0
24479,0
14641,0
10538,0
1099,0
8563,0
31146,0
7932,0
3357,0
40521,0
37873,1
12748,0
11428,0
25646,0
20053,0
21629,0
32007,0
31911,0
2401,0
35901,0
324,0
18325,0
40646,0
20757,0
12631,0
1098,0
5871,0
28411,0
7525,1
7022,0
38865,0
11954,0
27574,0
30913,0
2610,0
10783,0
10702,0
32357,0
13258,0
31390,0
32123,0
27098,0
18957,0
34522,0
2112,0
39246,1
15472,0
8985,0
10049,0
33485,0
1593,0
18376,0
4782,0
6331,0
2040,0
12866,0
28379,0
13158,0
5850,0
33809,0
27396,0
1223,0
34608,0
6408,0
36441,0
35788,0
36322,0
25989,0
37833,0
40016,0
32356,0
38371,0
13151,0
19748,0
14472,1
34393,0
23520,0
26593,0
26609,0
25104,0
12663,0
11899,0
35493,0
36104,0
28680,0
9280,0
40839,0
27321,0
19103,0
19478,0
28305,1
39534,0
21427,0
30563,0
21540,1
23346,0
12176,0
27331,0
7822,0
38136,0
18239,0
38477,0
33694,0
30689,0
12926,0
16979,0
22148,0
27117,0
26175,0
18350,0
24997,0
24070,0
14156,0
2622,0
17435,0
31118,0
10688,0
16252,0
7279,0
9808,0
9865,0
40487,0
14099,0
22541,0
12683,0
31582,0
30716,0
21125,0
31222,0
11693,0
37850,0
32095,0
1833,0
11158,0
41013,0
1131,0
18645,0
25252,0
18647,1
37799,0
35294,0
19986,0
19476,0
28116,0
17531,0
3944,0
19162,0
24091,0
3788,0
37007,0
8759,0
30621,0
34029,0
18600,0
7214,0
39377,0
16749,1
4338,0
39475,0
13434,0
28108,0
9137,0
37457,0
14371,1
13037,0
40252,0
11016,0
39971,0
40101,0
31111,0
30938,0
11973,0
28648,0
10222,0
29474,0
29124,0
33646,0
7041,0
25170,0
16191,1
34667,0
35083,0
6023,0
13944,0
22341,0
19520,0
32564,0
33627,0
9277,0
39681,0
5673,0
10093,0
20464,1
218,0
35303,0
14198,0
36341,0
23866,0
40580,0
1612,0
37956,0
40257,0
6666,0
5373,0
8590,0
10412,0
9215,0
38127,0
1710,0
1892,0
24682,0
6586,0
25216,0
17419,0
31773,0
4450,0
31882,0
38716,0
475,0
30705,0
1846,0
6267,0
27379,0
9582,0
36666,0
41044,0
10754,0
40739,0
8944,0
4477,0
32024,0
23337,0
12780,0
19507,0
6189,0
5864,0
40061,0
1571,0
34513,0
21417,0
22876,0
19483,0
22339,0
1976,0
39730,0
13836,0
38650,0
33482,0
2123,0
2719,0
36307,0
8243,0
29880,0
38328,0
1702,0
36701,0
13374,0
13403,0
1819,1
25265,0
12064,0
31302,0
21983,0
23441,0
31141,0
5218,0
38363,0
9872,0
9539,0
40966,0
39614,0
24505,0
35097,0
29104,0
32065,0
20138,0
3075,0
39861,0
21880,0
29438,0
3959,0
7971,0
22256,0
28912,0
24948,0
12595,0
29996,0
12430,0
31584,0
29701,0
23729,0
32525,0
9906,0
13582,0
30219,0
29147,0
18406,0
4365,0
5056,0
4449,0
6840,0
17224,0
26077,0
9015,0
38109,0
35209,0
32621,0
35832,0
27798,0
19690,0
15943,0
13850,0
36023,0
7642,0
21017,0
17473,0
27560,0
31537,0
8125,0
21677,0
24750,0
8041,0
24561,0
27061,1
18778,0
6862,0
34554,0
16724,0
15843,0
2023,0
4146,0
19590,0
25068,0
3896,0
24152,0
33171,0
24678,0
22403,0
1825,0
40631,0
28834,0
4841,0
5455,0
11309,0
3294,0
17307,0
1750,1
36140,0
37449,0
24846,0
11766,0
32126,0
36277,0
22326,0
17751,1
24701,0
14411,0
38248,0
27369,0
27240,0
12121,0
20427,0
23589,0
4410,0
41081,0
4353,0
40822,0
25952,0
25261,0
15214,0
13525,0
31956,0
28968,0
24307,0
29346,0
26968,1
21444,0
29674,0
32015,0
33412,0
9551,0
31591,0
5306,0
30208,0
23595,0
19694,0
6129,0
9526,0
29364,0
2920,0
37125,0
26523,0
7280,0
11088,0
37359,0
8731,0
14136,0
14995,0
30056,1
615,0
17083,0
33825,0
9814,0
38008,0
4648,0
37827,0
8309,0
40081,0
15888,0
10889,0
12200,0
14260,0
5899,0
37176,0
19514,0
15798,0
40031,0
2463,0
32221,0
12262,0
20114,0
20994,0
32131,0
37384,0
16551,0
17160,0
933,0
29837,0
33789,0
9407,0
30294,1
26766,0
10,0
2148,0
12664,0
30401,0
7486,0
18775,0
7960,0
26911,0
39840,0
32898,0
6911,0
17314,0
20149,0
15473,0
18362,0
25021,0
8789,0
40195,0
39618,0
39763,0
31706,0
17906,0
27425,0
2056,0
30700,0
21927,0
10352,0
3829,0
8511,0
8201,0
18205,0
41080,0
39012,0
33371,0
1491,0
38604,0
16787,0
26412,0
3743,0
39389,0
10162,0
38697,0
18008,0
38128,0
38,0
2649,0
18849,0
38063,0
5691,0
38241,0
20590,0
17102,0
9635,0
11825,0
36173,0
37966,1
25759,0
25623,0
29980,0
32897,0
28858,0
6081,0
9103,0
26649,0
37617,0
39742,0
26057,0
25656,0
5403,0
34438,0
30304,0
30217,0
29780,1
1416,0
8522,0
19370,0
16122,0
14852,0
1779,0
23613,0
25664,0
3551,0
3748,0
25193,0
17076,0
22682,0
20569,0
22985,0
35325,0
23723,0
15777,0
20223,0
16434,0
6780,0
27723,0
16765,0
27346,0
40064,0
23891,0
338,0
34707,0
33243,0
39152,0
9201,0
1362,0
27234,0
13402,0
5136,0
18040,0
30075,0
3945,0
23496,0
27816,0
3937,0
15247,0
30070,0
4454,0
31861,0
33078,0
21721,0
6439,0
5974,0
16789,0
27411,0
11424,0
35600,0
31097,0
9945,0
4109,0
19491,0
16300,0
21237,0
8088,0
35055,0
10624,0
16838,0
11665,0
9242,0
15698,0
6083,0
36711,0
31642,0
32457,0
40722,0
34251,0
20737,0
13589,0
12128,0
724,0
2306,0
34566,0
9601,0
8108,0
9476,0
15304,0
25823,0
40599,0
30760,0
8995,0
34876,0
307,0
29789,0
34274,0
27688,0
8976,0
35475,0
9785,0
15458,0
26390,0
33687,0
33976,0
20674,0
2102,0
40475,0
36998,0
37629,0
9957,0
8469,0
20419,0
26340,0
22160,0
24564,0
12463,0
608,0
29502,0
11599,0
10258,0
8725,0
5385,0
17308,0
36582,0
8287,0
30409,0
19678,0
20021,0
35183,0
2966,0
29073,0
28203,0
38669,0
4521,0
22911,0
7160,0
17389,0
25085,0
26025,0
21104,0
20741,0
33675,0
31928,1
37260,0
31117,0
38062,0
40294,0
32566,0
32019,1
41156,0
31781,0
28701,0
13701,0
6698,0
1740,0
39648,0
19620,0
36370,0
37346,0
10399,0
20250,0
14921,0
574,0
40382,0
24046,0
36096,0
21433,0
30954,0
26959,0
17635,0
14134,0
2007,0
6174,0
12868,0
5235,0
11075,0
20785,0
40974,0
30790,0
31736,0
19051,0
15652,0
29512,0
24756,0
34651,0
7039,0
184,0
3369,0
29948,0
10675,0
30053,0
11427,0
16171,0
37028,0
13493,0
18506,0
19643,0
14990,0
30360,0
25139,0
13902,0
12642,0
11173,0
35041,0
38558,0
31593,0
23885,0
4231,0
32785,0
13293,0
11983,0
37259,0
12162,0
25329,0
11977,0
26903,0
5191,0
20342,0
20729,0
34772,0
23868,0
39898,0
7979,0
32533,0
26017,0
28175,0
23683,1
6341,0
13101,0
30494,0
22709,0
36559,0
31472,0
7192,0
12525,0
3657,0
31168,0
23040,1
31682,0
36769,0
23171,0
37563,0
33443,0
1964,0
32451,0
21300,0
18664,0
2205,0
11046,0
4355,0
36755,0
35818,0
4008,0
20899,0
3637,0
36261,0
16711,0
24873,0
8353,0
24178,0
13904,0
16106,0
37917,0
37596,0
26984,0
38616,0
20263,0
13803,1
16633,0
18566,0
37933,0
19846,0
7719,0
32272,0
34787,0
23303,0
29319,0
12092,0
27563,0
28173,0
23626,0
22141,0
13023,1
17075,0
40374,0
35809,0
27143,0
26348,0
29250,0
7562,1
37440,0
11134,0
40635,0
14531,0
13680,0
32447,0
33634,0
9234,0
31807,0
3401,0
26278,0
25904,0
20951,0
18816,0
37503,0
14529,0
23584,0
30442,0
12784,0
35859,0
27459,0
17997,0
27458,0
1693,0
27784,0
29835,0
34734,0
25136,0
18476,0
5925,0
14865,1
29956,0
36818,0
3436,0
28296,0
34806,0
3689,0
12008,0
8455,0
8505,0
21667,0
4960,0
22822,0
15787,0
30021,0
13721,0
33396,0
5904,0
23473,0
18871,0
36360,0
14579,0
2456,0
11508,0
29971,0
24598,0
12237,0
20404,0
2778,0
18152,0
33941,0
15234,0
6799,0
35195,0
3503,0
4545,0
20047,0
16497,0
26259,0
451,0
40781,0
20612,0
35284,0
24721,0
14034,0
10466,0
10818,0
6318,0
38519,1
8468,1
10992,0
18114,0
1681,0
12351,0
30480,0
7319,1
14797,1
29788,0
35138,0
37537,0
14820,0
670,0
28596,0
36969,0
39884,0
38623,0
39454,0
20742,0
39826,0
15389,0
11562,0
37974,0
14427,0
35765,0
31161,0
20964,0
32364,0
15488,0
9473,0
29218,0
36730,0
27260,0
5977,0
29935,0
5531,0
14700,0
13945,0
32930,0
20984,0
3439,0
21901,0
9001,0
28501,0
17915,0
40720,0
4057,0
39161,0
15654,0
13756,0
33097,0
20379,0
16581,0
12115,0
8292,0
762,0
37502,0
40161,0
31133,0
38607,0
306,0
4802,0
6233,0
13573,0
15402,0
5579,0
35221,0
35658,0
11383,0
3229,0
1462,0
18316,0
32295,0
3722,0
25430,1
28605,0
31349,0
21824,0
34933,0
23254,0
23896,0
23465,0
8667,0
37128,0
11359,0
30973,0
36069,0
37985,0
35958,0
36741,0
21679,0
7469,0
11270,0
9016,0
7627,0
40511,0
1715,0
40652,0
37243,0
22904,0
22884,0
19598,0
19258,0
26116,0
971,0
11813,0
34316,0
22364,0
22317,0
16155,0
1514,0
8602,0
28243,0
17972,0
1533,0
1712,0
1985,0
40667,0
13640,0
25685,0
464,0
28062,0
16566,0
7716,1
30501,0
27383,0
39813,0
4188,0
25362,0
24985,0
13251,0
3337,0
4451,0
6631,0
25375,0
8924,0
20646,0
8153,0
31272,0
15157,0
18018,0
18999,0
32775,0
18010,0
33224,0
18742,0
34314,0
7536,0
26937,0
3906,0
32563,0
8773,0
35215,0
6914,0
34629,0
38162,0
14626,0
8928,0
4863,0
33277,1
359,0
10923,0
7809,0
8376,0
14288,0
17082,0
38839,0
40510,0
23132,0
20457,0
29228,0
7237,0
7391,0
10574,0
15322,0
10493,0
12789,0
8221,0
14177,0
22394,0
16212,0
35925,0
10130,0
2034,0
1645,0
7047,0
30043,0
9446,0
9795,0
12694,0
29632,0
3669,0
24923,0
32484,1
27800,0
5936,0
10035,0
28687,0
11544,0
23843,0
7824,0
26964,0
23237,0
4476,0
40513,0
28238,0
39309,0
37805,0
2400,0
6638,0
22988,0
21532,0
4259,0
14553,0
23393,0
21499,0
7612,0
35397,0
4999,0
32020,0
18218,0
12252,0
25035,0
3046,0
9447,0
9851,0
28917,0
24531,0
33265,0
20824,0
36157,0
40108,0
11352,0
23503,0
28184,0
31320,0
9630,0
33989,0
9336,0
39350,0
7492,0
4656,0
4361,0
28048,0
10869,0
20600,0
24088,0
1248,0
12454,0
31910,0
12559,0
27388,0
14740,0
5486,0
20371,0
545,1
30425,0
4822,0
38788,0
26472,0
11299,0
4513,0
36644,0
5881,0
37696,0
13427,0
27917,0
6742,0
25466,0
10521,0
16516,0
40339,0
7175,0
38242,0
1394,0
39135,0
20632,0
34655,0
12142,0
18893,0
30032,0
13232,0
23495,0
31867,0
14142,0
15729,0
31259,0
38017,0
34549,0
13015,0
1241,0
802,0
8630,0
13332,0
38053,0
10017,1
21240,0
8737,0
32630,0
6974,0
22235,0
14866,1
28075,0
3413,0
22108,0
13245,0
9469,0
27222,0
35009,0
9846,0
13760,0
41132,0
4384,0
31414,0
344,0
14437,0
14547,0
11797,0
7912,0
31893,0
24428,0
28762,1
13909,0
15755,0
10292,0
23647,0
11020,0
17874,0
26521,0
22724,0
153,0
40806,0
8322,0
13453,0
37859,0
16378,0
28266,0
4045,0
238,0
1629,0
19527,0
766,0
5128,0
20022,0
28176,0
24396,0
5418,0
26003,0
18885,0
31878,0
25424,1
40271,0
16769,0
15118,0
29150,1
14207,0
37991,0
27936,0
4310,0
23710,0
20020,0
5208,0
36530,0
19045,0
18173,0
15181,0
19158,0
146,0
3825,0
2512,0
31817,0
742,0
5745,0
28919,0
28576,0
27493,0
26886,0
5488,0
31359,1
23965,0
2702,0
8168,0
4579,0
8987,0
24885,0
13484,0
30828,0
18280,0
39522,0
1222,0
38459,0
4587,0
34319,0
2525,0
5919,0
15054,0
27207,0
13899,0
16794,1
8634,0
24732,0
30380,0
17546,0
3552,0
28137,0
3143,0
40622,0
20664,0
14098,0
10836,0
13579,0
19904,0
14108,0
18442,0
27291,0
37172,0
15085,0
21734,0
2065,0
25025,0
35452,0
281,0
29738,0
39836,1
9537,0
26262,0
3936,0
18484,0
38745,0
14262,0
8748,0
40034,0
15849,0
11008,0
27271,0
652,0
16435,0
32005,0
19916,0
5956,0
36895,0
19730,0
6649,0
26008,0
1774,0
1605,0
10270,0
38855,0
33364,0
19498,0
1765,0
37401,0
30282,0
16664,0
21340,0
10356,0
16314,0
39403,0
35740,0
28396,0
15369,0
27952,0
21227,0
28797,0
22847,0
8531,0
3106,0
5913,0
22707,0
22913,0
22556,0
18754,0
20935,0
32142,0
2973,0
30547,0
6836,0
26922,0
28872,0
1657,0
24266,0
12560,0
30,0
30663,0
29892,0
1260,0
16835,0
20486,0
20542,0
40114,0
34851,0
40485,0
40620,0
7259,0
37065,0
34758,0
22802,0
37484,0
30695,0
40091,0
6203,0
7472,0
9183,0
19809,0
30505,0
14601,0
37916,0
16008,0
7470,0
3105,0
9581,0
12002,0
39924,0
32750,0
11695,0
39346,0
18439,0
13120,0
34737,0
1820,0
13462,0
27841,0
11772,0
18948,0
23654,0
19758,0
29031,0
34889,0
13435,0
33693,0
10600,0
40378,0
19347,0
32824,0
15540,0
36447,0
35079,0
32623,0
25416,0
41006,0
11254,1
1145,0
12886,0
38041,0
6300,0
24095,0
37907,0
31368,0
6212,0
14455,0
29621,0
30311,0
26717,0
34934,0
24503,0
4301,0
23482,0
30374,0
31500,0
39023,1
7258,0
9566,0
23586,0
10009,0
38299,0
30108,0
37516,0
29589,0
33957,0
13731,0
40337,0
36062,0
40072,0
39526,0
8486,0
39821,0
3993,0
25561,0
10855,0
1121,0
20016,1
31683,0
35732,0
35101,0
14955,0
24526,0
4699,0
23663,0
27040,0
20516,0
21735,0
24207,0
22567,0
4962,0
18755,0
23169,0
20358,0
35973,0
19637,0
31417,0
27286,0
33729,0
27494,0
27087,0
25146,0
37231,0
27781,0
2887,0
23184,0
18607,0
24041,0
17253,0
792,0
23853,0
12879,0
17124,0
28009,0
40007,0
13633,0
36413,0
4896,0
16778,0
13070,0
32042,0
22039,0
21355,0
4275,0
7738,0
37088,0
25301,0
40866,0
7425,0
19623,0
12575,0
10091,0
18175,0
36025,0
163,0
7233,0
28470,0
17085,0
27492,0
18640,0
23332,0
27578,0
16325,0
38310,0
29719,0
5428,0
14282,0
10056,0
16154,0
5764,0
27576,0
19141,0
34212,0
16338,0
27799,0
38452,0
14854,0
25506,0
26514,0
21733,0
29475,0
7005,0
35208,0
8357,0
33308,0
1742,0
37021,0
22874,0
4059,0
40473,0
32806,0
25849,0
26599,0
34679,0
8179,0
2790,0
18331,0
4607,0
4480,1
14833,0
11976,0
10669,0
9804,0
18499,0
19181,0
29824,0
30426,0
15737,0
15622,0
4819,0
3259,0
22109,0
17270,0
2654,0
4786,0
11318,0
41179,0
39949,0
12152,1
14267,0
22771,0
8127,0
25575,0
26081,0
21970,0
14476,0
16293,0
14213,0
1688,0
6264,0
35008,0
8107,0
15252,0
35116,0
27999,0
24348,0
24761,0
2292,0
35419,0
2195,0
8186,0
34146,0
39195,0
19755,0
4244,0
19493,0
12415,0
39067,0
30447,0
14135,0
13085,0
7012,0
26352,0
9589,0
25276,0
2657,0
26036,0
3745,0
2343,0
3836,0
23270,0
20418,0
32767,0
22997,0
10536,0
26042,0
14484,0
23889,0
230,0
13616,0
26313,0
19549,0
11865,0
7082,0
39290,1
27660,0
40472,0
17010,0
4311,0
20723,0
28317,0
31244,0
34843,0
1664,0
22093,0
30078,0
2890,0
7068,0
21742,0
17042,0
19108,0
35861,0
1799,0
35014,0
17682,0
30267,0
34526,0
9057,0
37100,0
16344,0
25497,0
6990,0
2214,0
24933,0
35268,0
33569,0
36637,0
30578,0
39007,0
8889,0
16303,0
35396,0
18425,0
28439,0
30860,0
191,0
36471,0
956,0
21820,0
1525,0
1451,0
1756,0
7609,0
17511,0
30140,0
29973,0
14800,0
13443,0
7969,0
9823,0
33807,0
11033,1
28188,0
29089,0
8330,0
19524,0
9773,0
27518,0
8628,0
30742,0
38102,0
35179,0
35764,0
29387,0
26420,0
14016,0
8296,0
18120,0
38366,0
27195,0
21963,0
9267,0
7225,0
25526,0
38637,0
31803,0
16975,0
20004,0
28189,0
10226,0
278,0
1189,0
4630,0
31848,0
34159,0
38774,0
9884,0
28618,0
10829,0
26202,0
30272,0
40537,0
30606,0
32982,0
9135,0
30903,0
39846,0
270,0
3156,0
16426,0
40666,0
27347,0
35690,0
34064,0
38464,0
17538,0
26709,0
28950,0
36714,0
34046,0
10973,0
36123,0
39981,0
30400,0
24011,0
30486,0
29153,0
886,0
26133,0
40609,0
17403,0
38478,0
31007,0
12596,0
5226,0
8325,0
26193,0
12979,0
19547,0
20435,0
3681,0
30728,0
15944,0
27704,1
6356,0
40570,0
18599,0
19154,0
33959,0
33540,0
2432,0
2194,0
20594,0
37964,0
12080,0
10786,0
14256,0
37116,0
5479,0
14239,0
34887,0
26725,0
8501,0
6453,0
29462,0
31966,0
30589,0
32854,0
16042,0
12186,0
11108,0
39772,0
22131,0
2030,0
23440,0
39874,0
16387,0
14365,0
5032,0
14524,0
7955,0
34918,0
31651,0
32518,0
35214,0
40852,0
17878,0
22982,0
27614,0
27865,0
35282,0
11606,0
1730,0
29713,0
30623,0
15190,0
4947,0
19121,0
37700,0
23817,0
3618,0
10065,0
19163,1
39564,0
38631,0
31147,0
18722,0
40893,0
27478,0
9873,0
34555,0
22492,0
26134,0
33290,0
20914,0
6568,0
29388,0
40346,0
35619,0
5728,0
30020,0
14397,0
8788,0
10937,0
7998,0
24574,0
24060,0
7480,0
16740,0
6800,0
38416,0
40923,0
13301,0
8138,0
14234,0
28634,0
38845,0
36266,0
35997,0
18189,0
11413,0
39887,0
33833,0
32843,0
8875,0
39745,0
18342,0
39120,0
13002,0
6334,0
28471,0
10532,0
7289,0
13141,0
36638,0
4623,0
24314,0
18756,0
31303,0
19725,0
6031,0
31760,0
13538,0
14418,0
892,0
13104,0
29161,0
40127,0
11105,0
2511,0
5259,0
23959,0
5124,0
24053,0
7943,0
26688,0
38521,0
31722,0
27632,0
38280,0
31078,0
7471,0
11958,0
11235,0
18452,0
23570,0
25603,0
1481,0
12977,0
2536,0
10393,0
37205,0
52,0
39847,0
5313,0
25654,0
12959,0
27979,0
17750,0
28250,0
20094,0
11012,0
1415,0
6421,0
18087,0
30003,0
4318,0
18071,0
24685,0
31533,0
19377,0
19735,0
29078,0
12805,0
32470,0
29390,0
23836,0
38391,0
11986,0
31489,0
37058,0
23705,0
21479,0
39594,0
4765,0
13830,0
22182,0
9024,0
29855,0
1429,0
39216,0
15113,0
28239,0
33580,0
33894,0
16893,0
11878,0
6656,0
35573,0
37011,0
4349,0
11901,0
19925,0
34004,0
26882,0
648,0
29057,0
23153,0
6213,0
11211,0
38867,0
27175,0
31297,0
19070,0
11364,0
37748,0
3123,0
26545,0
2134,0
6416,0
35794,0
36184,0
32810,0
40962,0
33815,0
34769,0
10028,0
11265,0
8144,0
28354,0
10153,0
549,0
32137,0
18539,0
2464,0
39139,0
20801,0
11308,0
16676,0
8479,0
17507,0
40040,0
33611,0
14342,0
25969,0
34638,0
16094,0
22799,0
34252,0
23717,0
21708,0
32905,0
1902,0
3958,0
5468,0
29823,0
7271,0
27473,0
14063,0
1592,0
17892,0
33875,0
39159,0
7353,0
11497,0
5739,0
23996,0
2224,0
31678,0
20719,0
8632,0
33335,0
7665,0
8853,0
24146,0
20394,0
34485,0
39513,0
39209,0
39298,0
2204,0
40227,0
38333,0
17332,0
6423,0
24987,0
28406,0
33499,0
13220,1
10392,0
16987,0
36038,0
4461,0
40669,0
25051,0
29884,0
1312,0
22679,0
10381,0
2277,0
30627,0
14746,0
875,0
11147,0
40654,0
33961,0
15751,0
10086,0
18154,0
3747,0
19326,0
24801,0
17257,0
14670,0
17119,0
33267,0
1882,0
25838,0
32756,0
928,0
5761,0
18427,1
3258,0
15641,0
9573,0
29157,0
4175,0
2114,0
22324,0
21731,0
2265,1
14248,0
1105,0
4018,0
39420,0
16244,0
20209,0
25819,0
36363,0
4758,0
34464,0
13315,0
15824,0
19826,0
9155,0
26895,0
7170,0
36068,0
34094,0
6380,0
17301,0
35157,0
40616,0
7462,0
36073,0
28192,0
21044,1
31994,0
14360,0
14574,0
10375,0
19746,0
6998,0
39923,0
34493,0
30139,0
14984,0
38820,0
14956,0
26434,0
33733,0
12015,0
3016,0
36936,0
19823,0
23678,0
36158,0
4956,0
7543,0
30539,0
11607,0
37556,0
8011,0
5439,0
11087,0
36814,0
40819,0
30684,0
22868,0
12938,0
5639,0
34822,0
28672,0
33418,0
17341,0
3065,0
19066,0
25735,0
8268,0
6420,0
29801,0
20297,0
35088,0
26453,0
19203,0
623,0
13297,0
30675,0
28754,0
3283,0
26220,1
15987,0
808,0
12470,0
18254,0
27790,0
8658,0
34339,0
19026,0
33185,0
9025,0
14278,0
15249,1
5920,0
11219,0
22779,0
28201,0
24653,0
41027,0
28101,0
39252,0
9621,0
15093,0
36654,0
31626,0
24039,0
9938,0
24009,0
38050,0
17986,0
22155,0
5633,0
20770,0
3510,0
34266,0
38964,0
27017,0
19704,0
37569,0
32725,0
23083,0
21110,0
11733,0
22418,0
31907,0
1218,0
4367,0
37764,0
11548,0
23510,0
36692,0
8021,0
6298,0
21090,0
5245,0
28494,1
21604,0
13282,0
9895,0
7463,0
4184,0
22110,1
19536,0
24586,0
1347,0
4418,0
40795,0
35880,0
9915,0
39727,0
26239,0
40186,0
21774,0
26837,0
25778,0
35845,0
39758,0
30456,0
2351,0
32978,0
15424,0
24343,0
26361,0
5494,0
28763,0
19724,0
27188,0
22589,0
40366,0
38199,0
21990,0
3819,0
13533,1
19830,0
39288,0
33579,0
5986,0
85,0
13919,0
17474,0
9833,0
14035,0
40005,0
24476,0
29282,0
24828,0
27083,0
34340,0
4071,0
2089,0
15474,0
31015,0
33735,0
1545,0
36455,0
36537,0
22727,0
5117,0
25739,0
39081,0
38796,0
30395,0
35728,0
17284,0
34033,0
38841,0
14871,0
5230,0
34268,0
12419,0
28306,0
24665,0
33095,0
37238,0
22966,0
9216,0
15636,0
30202,0
29793,0
6468,0
40279,0
1319,0
33161,0
36002,0
33011,0
29760,0
14675,0
6163,0
8048,0
36746,0
17491,0
18974,0
25159,0
15400,0
34602,0
20188,0
34964,0
24601,0
1264,0
27571,0
34535,0
33992,0
23258,0
2133,0
2942,0
8952,0
12329,0
8566,0
12266,0
29850,0
25667,0
25180,0
26746,0
1288,0
34185,0
24854,0
31492,0
13618,0
3441,0
30749,0
18747,0
23670,0
22708,0
6939,0
35422,0
3659,0
28886,0
2893,0
2783,0
31498,0
35520,0
35270,0
2952,0
39339,0
25119,0
1808,0
8940,0
11347,0
31838,0
29403,0
35151,0
28299,0
2564,0
4142,0
19038,0
34022,0
29623,0
22055,0
27483,0
21764,0
17529,0
14317,0
32251,0
31856,0
23322,0
4546,0
18730,0
4689,0
5300,0
26086,0
20155,0
34945,0
29827,0
15262,0
32652,0
15080,0
13917,0
22872,0
25260,0
19329,0
577,0
1815,0
25657,0
35964,0
32851,0
25004,0
6868,0
25827,0
9351,0
22014,0
39871,1
25439,0
19652,0
19819,0
27150,0
35106,0
38734,0
30186,0
4601,0
34173,0
3175,0
5825,0
6630,0
35524,0
35561,0
8960,0
31336,0
790,0
32078,0
30473,0
32475,0
38142,0
28681,0
30847,0
3373,0
27850,0
22450,0
21478,0
28488,0
10490,0
13323,0
28788,0
6981,0
29295,0
3725,0
33102,0
40559,0
6378,0
11081,0
40869,0
21442,0
2812,0
14953,0
12190,0
25059,0
13958,0
2633,0
8100,0
29681,0
36310,0
5187,0
31671,0
34798,0
4144,0
31623,0
9040,0
237,0
1066,0
17991,0
11517,0
9368,0
8378,0
867,0
13174,0
39860,0
34201,0
3313,0
26395,0
3671,0
958,0
4077,0
9516,0
32061,0
1614,0
25660,0
25563,0
24044,0
13602,0
9627,0
9840,1
26407,0
36813,0
3879,0
6020,0
33470,0
23138,0
12529,0
10116,0
38904,1
6442,0
2990,0
26459,0
12395,0
5476,0
9288,0
14249,0
473,0
3903,0
23662,0
23930,0
26373,1
23903,0
20645,0
2968,0
35357,0
13127,0
18434,0
13766,0
17441,0
469,0
9866,0
313,0
9899,0
18146,0
30610,0
29496,0
32847,0
15478,1
14883,0
6817,0
28666,0
35581,0
15354,0
14117,0
13197,0
9165,1
14410,0
11877,0
35701,0
17189,0
11554,0
2484,0
10380,0
28484,0
23563,0
34670,0
27255,0
24943,0
20576,1
25354,0
24861,0
27692,0
4576,0
15484,0
843,0
6461,0
37118,0
26875,0
36027,0
30724,0
10098,0
3137,0
37392,0
12963,0
19296,0
18447,0
10286,0
383,0
36424,0
35416,0
27092,0
28220,0
24410,0
32846,0
25109,0
38575,0
13485,0
9847,0
19184,0
16309,0
40583,0
19727,0
12476,0
14640,0
34017,0
9824,0
16374,0
16144,0
13813,0
37592,0
11002,0
19505,0
1709,0
503,0
7454,0
22828,0
19917,0
10555,0
5144,0
20877,0
40341,0
25262,0
15529,0
27027,0
36245,0
23128,0
4711,0
35372,0
39355,0
13107,0
21490,0
17460,0
21233,0
16853,0
8703,0
35804,0
40728,0
32497,0
14231,0
38465,0
31175,0
959,0
26426,0
27273,0
31032,0
5345,0
28874,0
4364,0
32809,0
19231,0
29877,0
7236,0
3112,0
3448,0
10903,0
11112,0
8504,0
19387,0
11151,0
31467,0
24296,0
30962,0
37067,0
14216,0
1848,0
15451,0
16592,0
29661,0
34410,0
12417,0
7747,0
19972,0
34832,0
15759,0
922,0
13391,0
33474,0
26392,0
30429,0
31872,0
35500,0
9580,0
38187,0
853,0
11807,0
9139,0
32542,0
12782,0
5901,0
36641,0
4950,0
25860,0
39862,0
4447,0
28018,0
23114,0
5615,0
5585,0
31170,0
28830,0
16505,0
15289,0
20238,0
13185,0
32771,0
7203,0
1687,0
28335,1
2957,0
12593,0
20529,0
17756,0
29904,0
7551,0
13714,0
5454,0
29236,0
16823,0
39398,0
10554,0
11773,0
17605,0
16098,0
26386,0
39076,0
3844,0
18972,0
14433,0
3685,0
8558,0
38494,1
22628,0
17037,0
28044,0
23163,0
22881,0
9004,0
11467,0
32534,0
12486,0
5377,1
1880,0
19332,0
39578,0
32450,0
3495,0
19984,0
4266,0
34508,0
13852,0
14219,0
37530,0
31458,0
19612,0
1033,1
33730,1
8116,0
16816,0
8817,0
1068,0
59,0
37539,0
11527,0
12972,0
582,0
18086,0
26760,0
26827,0
7643,0
34295,0
31992,0
15383,0
38683,0
41028,0
26172,0
24717,0
18949,0
10541,0
1662,0
40112,0
24461,0
20509,0
22184,0
13956,0
14421,0
9080,1
21314,0
13843,0
12114,0
5888,0
28996,0
9817,0
26248,0
22659,0
18624,0
8106,0
32394,0
21112,0
41058,0
1866,0
13111,0
24142,0
7790,0
1423,0
3570,0
15935,0
2584,0
20126,0
6859,0
1370,0
23105,0
1116,0
19910,0
4200,1
3739,0
15802,0
900,0
8512,0
12619,0
22648,0
38546,0
28031,0
4621,0
30465,0
37219,0
12712,0
24729,0
35734,0
19322,0
3878,0
13845,0
17836,0
16386,0
25610,0
36857,0
32442,0
23701,0
33134,0
40140,0
24151,0
6066,0
17263,0
32347,0
29741,0
5866,0
36146,0
31516,0
10110,0
11438,0
39005,0
7296,0
33452,0
6381,0
11742,0
20793,0
39948,0
19420,0
9049,0
21225,0
40649,0
31260,0
22209,0
26784,0
24813,0
26483,0
12122,0
21813,0
20117,0
2180,0
32818,0
659,0
3343,0
23957,0
11326,0
5422,0
11969,1
726,0
21528,0
38502,0
8270,0
29977,0
34063,0
4189,0
39064,0
24944,0
32612,0
11539,0
19653,0
22231,0
19922,0
19256,0
24398,0
11751,0
15894,0
21408,0
25186,0
29305,0
29459,0
5783,0
37378,0
5267,1
30327,0
5902,0
21197,0
1471,0
16616,0
12731,0
37982,0
7508,0
7548,0
18139,0
32286,1
33318,0
3154,0
18625,0
34689,0
31312,0
15794,0
5473,0
19957,0
8729,0
1207,0
38757,0
29542,0
33455,0
25480,0
7799,0
36742,0
27172,0
35708,0
6173,0
38842,0
11943,0
5961,0
3133,1
3282,0
31150,0
24521,0
32947,0
30276,0
26256,0
30448,0
20743,0
20198,0
23359,0
30300,0
8783,0
12674,0
13844,0
41122,0
35875,0
38939,0
34086,0
23366,0
967,0
33595,0
21328,0
36751,0
33887,0
13003,0
75,0
9781,0
32473,0
26749,0
34885,0
18475,0
4023,0
6106,0
40759,0
19397,0
4561,0
7714,0
20595,0
20802,0
33975,0
7051,0
5948,0
39879,0
27501,0
23218,0
38409,0
34627,0
21982,0
36219,0
28094,0
1331,0
1209,1
19424,0
21554,0
2595,0
16112,0
22601,0
31998,0
31860,0
18100,0
39091,0
25062,0
28682,0
25220,0
31301,0
8312,0
18994,0
33336,0
13614,0
10031,0
19638,0
5665,0
15657,0
2982,0
455,0
26640,0
26588,0
32393,0
13927,0
3454,0
18214,0
31749,0
13693,0
23174,0
38763,0
30437,0
40462,0
18518,0
36339,0
8425,0
33548,0
22156,0
40554,0
10029,0
15343,0
18833,0
10579,0
38450,1
40217,0
17159,0
4,0
12139,0
14841,0
29785,0
7503,0
28914,0
36587,0
38840,0
29205,1
29350,0
27064,0
6479,0
31196,0
32038,0
6286,0
483,0
10959,0
19799,0
10145,0
6344,0
14027,0
18846,0
29059,0
30897,0
16705,0
22940,0
31276,0
2177,0
7962,0
10233,0
17040,0
27867,0
35104,0
33541,0
18332,0
13932,0
8371,0
23865,0
24436,0
15126,0
27264,0
14044,0
35722,0
14442,0
15748,0
33204,0
30997,0
11897,0
1602,0
4715,0
23168,0
34516,0
442,1
9366,0
456,0
29406,0
24843,0
15147,0
7571,0
16133,0
32227,0
177,0
9142,0
21823,0
23801,0
22729,0
32231,0
16384,0
15981,0
13768,0
13817,1
38736,0
3370,0
18314,0
5889,0
6218,0
6739,0
19270,0
4731,0
24388,0
24114,0
37825,0
26474,0
30587,0
8494,0
22421,0
35223,0
6055,0
11418,0
14357,0
31291,0
30917,0
33507,0
25570,0
35779,0
27776,1
22640,0
37654,0
6521,0
31126,0
27114,0
29331,0
36683,0
35125,0
3159,0
331,0
21050,0
20775,0
5346,0
39608,0
24273,0
31026,0
11290,0
12552,0
19858,0
25217,0
27817,0
10941,0
5318,0
1505,0
30259,0
40553,0
37940,0
9533,0
40465,0
40253,0
36368,0
16695,0
17761,0
25409,0
5805,1
658,0
6038,0
32764,0
40118,1
5333,0
25550,0
40925,0
23830,0
17608,0
36449,0
4793,0
1114,0
25227,0
7764,0
1501,0
26946,0
31725,0
21349,0
7303,0
26495,0
2234,0
3417,0
10190,0
7938,0
12261,0
36337,0
35072,0
9472,0
26506,0
21531,0
4073,1
18658,0
5578,0
635,0
20472,0
1439,0
4199,0
39333,0
16570,0
18989,0
27722,0
5567,0
37441,0
11482,0
27690,0
40157,0
4875,0
38790,0
35039,0
35261,0
32404,0
35946,0
35572,0
18019,0
32397,0
15008,0
27206,0
33276,0
14555,0
31395,0
4371,0
40970,0
8635,0
3565,0
23199,0
9218,0
1791,0
12948,0
6394,0
23272,0
39932,0
30163,0
34327,1
2147,0
33217,0
25042,0
40050,0
17920,1
18728,0
34158,0
7853,0
769,0
22523,0
36000,0
36293,0
28449,0
7028,0
38731,0
28683,0
40911,0
5493,0
3915,0
31545,1
29783,0
37698,0
25523,1
32435,0
24254,0
22239,0
35404,0
18564,0
40578,0
40104,0
25121,0
25828,0
14078,0
29989,0
40322,1
29301,0
7617,0
1344,0
21383,0
6740,0
12375,0
22298,0
27013,0
1397,0
29526,0
10323,0
27466,0
32267,0
25697,0
27993,0
10095,1
13554,0
10124,0
9085,0
10571,0
24339,0
34702,0
22653,1
11568,0
26682,0
23997,0
28465,1
16947,0
39508,0
24448,0
879,0
24932,0
33811,0
7249,0
28307,0
10819,0
12612,0
2861,0
35400,0
34514,0
16895,0
19236,0
6225,0
12503,0
40505,0
20220,0
2800,1
3316,0
651,0
6265,0
19238,0
11486,0
13712,0
30715,0
8240,0
2278,0
4066,0
30521,0
7176,0
6783,0
876,0
33781,0
4933,0
24469,0
32673,0
14082,0
612,0
14927,0
2308,0
7754,0
27766,0
31809,0
33709,0
37051,0
17203,0
23976,0
38876,0
37165,0
26669,0
1217,0
13118,0
17250,0
16035,0
16708,0
38314,0
3620,0
17298,0
13933,0
5647,0
20830,0
30654,0
5648,0
31847,0
31230,0
18320,0
33662,0
10050,0
14550,0
38998,0
8160,0
20445,0
37013,0
20063,0
27403,0
8537,0
17026,0
29214,0
32613,0
40864,0
16043,0
19865,0
2046,0
1584,0
5281,0
10221,0
7554,0
9536,0
35584,0
32550,0
103,0
10125,0
898,0
9788,0
14594,0
13646,0
37803,0
24539,0
26515,0
22462,0
26015,0
526,0
23143,0
3863,0
38531,0
10012,0
23247,0
15378,0
27886,1
32901,0
30609,0
7812,0
31229,0
41099,0
9797,0
27485,0
3325,0
5726,0
35383,0
36211,0
38646,0
23945,0
15158,0
24762,0
9312,0
36869,0
31083,0
15132,0
39717,0
7320,0
3876,0
30231,0
10811,0
7772,0
21578,0
30352,0
28285,0
6256,0
12379,0
18734,0
2210,0
13629,0
25058,0
27028,0
29612,0
11795,0
39565,0
7939,0
20078,0
6177,0
4262,0
11449,0
24295,0
2740,0
35461,0
8518,0
11053,0
19764,0
13840,0
40204,0
8679,0
22106,0
40355,0
20973,0
17147,0
10926,0
23449,0
23058,0
19044,0
2818,0
28294,0
14265,0
1566,0
10987,0
22057,0
15012,0
35299,0
40987,1
2409,0
20077,0
7842,0
24078,0
31428,0
30989,0
10320,0
11069,0
31038,0
29238,0
25043,0
10139,0
8293,0
37055,0
11566,0
24305,0
12666,0
32374,0
23146,0
19302,0
34497,0
2618,0
28864,0
29866,0
15739,0
9959,0
18078,0
15905,0
30748,0
15603,0
19213,0
12372,0
16709,0
1280,1
37185,0
2480,0
41089,0
1,0
24636,0
1167,0
20621,0
31031,0
6107,0
4646,0
29155,0
30892,0
9937,0
39639,0
25741,0
37124,0
35023,0
19029,0
19192,0
7086,0
15362,0
27717,0
38641,0
1655,0
9114,0
31082,0
34299,0
22284,0
16173,0
26771,0
39766,0
16927,0
30103,0
8693,0
29265,0
6982,0
37314,0
24234,0
33240,0
7443,0
7478,0
37415,0
7949,1
35142,0
14116,0
5068,0
17132,0
29298,0
5302,0
11142,0
3263,0
39156,0
30882,0
20459,0
19700,0
40354,0
25642,0
5448,0
38967,0
39912,0
38755,0
33089,0
12309,0
38262,0
9800,0
24989,0
19870,0
20405,0
34999,0
2415,0
15499,0
32974,0
39968,0
27438,0
10341,0
2726,0
40724,0
34817,0
23241,0
40001,0
33835,0
13894,0
37500,0
29012,0
24775,0
7919,0
21,0
19169,0
38530,0
24240,0
20582,0
490,0
20406,1
17747,0
38935,0
19847,0
14501,0
38980,0
7837,0
34402,0
33582,0
39133,0
18415,0
1536,0
33447,0
7905,0
37197,0
12509,0
32828,0
20527,0
25459,0
27559,0
31208,0
10349,0
1117,0
28056,0
14451,0
13872,0
11208,0
22545,0
16313,0
12561,0
40915,0
38117,0
37193,0
7096,0
13805,0
18984,0
8619,0
15637,0
30852,0
346,0
13556,0
1132,0
40028,0
33429,0
28776,0
6767,0
5822,0
8355,0
36079,0
14923,0
13076,0
17545,0
36804,0
17620,0
40030,0
7431,0
33362,0
8784,0
2918,0
9562,0
19683,0
37674,0
36723,0
6167,0
12537,0
2640,0
34114,1
17295,0
31577,0
1149,0
35688,0
29274,0
12648,0
9568,0
15070,0
15352,0
2377,1
28448,0
25201,0
39516,0
23336,0
11848,0
3553,0
6604,0
35743,0
31270,0
4093,0
34720,0
15757,0
21558,0
39722,0
10764,0
32140,0
5292,0
20857,0
28665,0
18153,0
28028,0
39697,0
37031,0
3933,0
37161,0
17646,0
35815,0
4906,1
21024,0
28536,0
2494,0
40336,0
28643,0
16675,0
34691,0
11325,0
33250,0
5715,0
32437,0
34401,0
3139,0
20693,0
18096,0
37122,0
23397,0
39800,0
494,0
33983,0
40933,0
40411,0
16291,0
16135,0
17337,0
30845,0
17126,0
32804,0
23821,0
32175,0
23234,0
23841,0
40068,0
3253,0
22227,0
35567,0
10805,0
31188,0
7537,0
4522,0
35276,0
30558,0
7701,0
37405,0
32699,0
15686,0
36276,0
17544,0
9920,0
7909,0
30926,0
33731,0
35265,1
6751,0
12256,0
37174,0
15288,0
434,0
23788,0
20690,0
5030,0
19403,0
35915,0
8198,0
8261,0
35201,0
21241,0
5463,0
37804,0
33516,0
16267,0
19502,0
16158,0
4777,0
4106,0
31310,0
36557,0
30613,0
17930,0
10755,0
8682,0
5981,0
32032,1
21369,0
18611,0
18431,0
28649,0
35066,0
1865,0
9816,0
12574,0
17953,0
39361,0
32220,0
4496,0
24068,0
4185,0
18456,1
22157,0
25204,0
6781,0
23888,0
9010,0
15493,0
17309,0
27891,0
33427,0
7803,0
26447,0
20468,0
38615,0
39867,0
5111,0
321,0
39997,0
31289,0
16726,0
1388,0
3409,0
15891,0
975,0
38673,0
13406,0
26031,0
16817,0
36565,0
32045,0
19265,0
33481,0
22199,0
11579,0
8690,0
37338,0
13401,0
10982,0
15202,0
23386,0
22358,0
38969,0
32855,0
2055,0
38219,0
32706,0
29871,0
1586,0
4563,0
21065,0
34615,0
39761,0
5716,0
8381,0
10150,0
18540,0
11065,0
12487,0
39894,0
32520,0
13743,0
14810,0
26897,0
25351,0
35633,0
5819,0
31045,0
11577,0
8283,0
27385,0
39872,0
36744,0
36274,0
3929,0
37962,0
8567,0
12786,0
2949,0
26137,0
6893,0
25833,0
32877,0
3031,0
36244,0
26825,0
41107,0
34420,0
30365,0
35406,0
27672,0
14828,0
12947,0
14877,0
31266,0
14225,0
5522,0
31179,0
26779,0
3614,0
18289,0
40522,0
22573,0
4463,0
36475,0
32689,0
10204,0
22011,0
15216,0
20208,0
24977,1
9783,0
32236,0
17218,0
12745,0
12623,0
37921,0
11161,0
24419,0
39125,1
135,0
1583,0
26251,0
180,0
35557,0
12000,0
18377,0
2663,0
7343,0
40245,0
1497,0
19943,0
19800,0
11920,0
7182,0
24520,0
34525,0
38356,0
37927,0
35812,1
11883,0
21372,0
32282,0
39115,0
24035,0
20610,0
23674,0
22903,0
10064,0
16830,0
3372,0
35940,0
13317,0
24065,0
2853,0
15979,0
32872,0
2240,1
2037,0
2062,0
24613,0
40449,0
39937,0
27747,0
28300,0
36350,0
16793,0
11201,0
39793,0
25812,0
37622,0
1539,0
37840,0
23072,0
30862,0
13124,0
2718,0
22824,0
36949,0
23535,0
28924,0
18735,0
34199,0
17096,0
18379,0
35563,0
6845,0
25706,0
7725,0
20432,0
14351,0
6155,0
65,0
39922,0
28226,0
6475,0
19848,0
40168,0
10499,0
23398,0
2801,0
32726,0
2529,0
21209,0
37739,0
957,0
25302,0
15235,0
35971,0
34113,0
30310,0
18354,0
16215,0
611,0
25546,0
14712,0
24492,0
10542,0
17387,0
27645,0
41051,0
39000,0
38357,1
24827,0
36094,0
5140,0
8734,0
11556,0
24144,0
4660,0
9923,0
21301,0
1069,0
35813,0
29825,0
22220,0
14201,0
16328,0
18164,0
18763,0
40409,0
3151,0
20711,0
20998,0
31005,0
5188,0
23160,0
11802,0
24090,0
11970,0
35266,0
26144,0
30015,0
13605,0
22291,0
40117,0
30358,0
24499,0
37054,0
5793,0
20330,0
40280,0
10791,0
2679,0
38838,0
40834,0
33219,0
31820,0
39627,0
9665,0
4104,0
19842,0
38193,0
387,0
39281,0
7275,0
10303,0
1659,0
33,1
22310,0
39087,0
39040,0
8695,0
21865,0
21022,0
20367,0
28353,0
9379,0
35494,0
16363,0
3262,0
7423,0
28846,0
1032,0
6838,0
26235,0
34198,0
38098,0
2009,0
25236,0
26210,0
31687,0
33247,0
30325,0
27830,0
37793,0
26465,0
30785,0
6283,1
7929,0
37980,0
35744,0
24221,0
28856,0
30355,0
35479,0
12457,0
21253,0
1552,0
20248,0
32415,0
33015,0
16609,0
25212,0
15467,0
13567,0
27142,0
9631,0
2589,0
9209,0
3913,0
18471,0
14597,0
40748,0
33388,0
2996,0
6016,0
29759,0
23263,0
29115,0
38858,0
11477,0
9494,0
12765,0
25917,0
9598,0
9822,0
4417,0
40202,0
24067,0
11622,0
19515,0
25164,0
37798,0
29489,0
37195,0
25285,0
29254,0
39366,0
5828,1
29625,0
41061,1
30908,0
636,0
27350,0
29622,0
9896,0
19545,0
12760,0
16238,0
3416,0
584,0
33488,0
22330,0
37,0
938,0
7023,0
4377,1
36606,0
20462,0
25073,0
12003,0
37026,0
6613,0
30524,0
4820,0
16418,0
31694,0
22938,0
5636,0
28106,0
26180,0
7496,0
34400,1
19194,0
8716,0
20273,0
33837,0
23547,0
3158,0
33987,0
27786,0
3897,0
15297,0
33009,0
939,0
36568,0
18865,0
10001,0
17094,0
37649,0
20854,0
15875,0
35582,0
10585,0
14835,0
22283,0
25092,0
23285,0
40755,0
25796,0
14058,0
6087,0
22920,0
22703,0
28217,0
2058,0
35483,0
5987,0
5207,0
35091,0
7655,0
3172,0
13075,0
26845,0
8513,0
2607,0
12197,0
18463,0
268,0
8223,0
2202,0
11811,0
18291,0
37928,0
20048,0
28698,0
24356,0
35407,0
23250,0
27145,0
27597,0
6224,0
36977,0
31034,0
34088,0
29784,0
31938,0
15184,0
26578,0
13266,1
22652,0
28928,0
10464,0
28313,0
40906,0
37678,0
33626,0
20895,0
32686,1
20618,0
20040,0
31261,0
13545,0
39928,0
5444,0
16321,1
39049,0
1122,0
28209,0
2769,0
11585,0
39254,0
35550,0
24306,0
6128,0
10018,0
13439,0
37545,0
6370,0
35957,0
29418,0
2802,0
17903,0
35752,0
2692,0
16716,0
29244,0
1109,0
12296,0
31791,0
5237,0
16204,0
3835,0
4198,0
35949,0
25272,0
40732,0
11238,0
5558,0
38781,0
32852,0
21776,0
3461,0
31752,0
1601,0
32719,0
7389,0
21760,0
41173,0
19246,0
26442,0
29562,0
29722,0
40097,0
17088,0
41133,0
6679,0
12089,0
18222,0
40760,0
35512,0
6727,1
29990,0
33461,0
6564,0
10407,0
16207,0
25977,0
13903,0
2590,0
10066,0
24693,0
6043,0
4532,0
5544,0
34683,0
23255,0
18527,0
30436,0
20234,0
1540,0
2852,0
22705,0
12681,0
38800,0
7796,0
15336,0
1625,0
31402,0
13555,0
21693,0
2571,0
34595,1
18944,0
18279,0
40187,1
22901,0
20430,0
30410,0
27522,0
35482,0
23484,0
14750,0
15920,0
11526,0
935,0
27731,0
19251,0
9388,0
23081,0
40927,0
11685,0
21794,0
10005,0
1786,0
27763,0
3636,0
20438,0
21398,0
11851,0
14792,0
21618,0
4804,0
6077,0
4304,0
9914,0
8583,0
15926,0
2806,0
31609,1
9862,0
7367,0
4282,0
38064,0
35629,0
8424,0
21248,0
33908,0
16332,0
28423,0
888,0
33938,0
20993,0
11646,0
29248,0
33056,0
31603,0
20617,0
36420,0
32553,0
2846,0
18252,0
19969,0
660,0
13123,0
34596,0
4140,0
10294,0
311,0
4649,0
23239,0
10953,0
37386,0
11677,0
32875,0
15804,0
35522,0
3119,0
8311,0
22991,0
33118,0
1556,0
25634,0
31896,0
23825,0
17216,0
36169,0
20336,0
39062,0
34904,0
21568,0
38066,1
17366,0
1836,0
29365,0
17453,0
8006,0
4362,0
4063,0
9318,0
36477,0
23695,0
13649,0
38309,0
17056,0
2774,0
38313,0
5595,0
24740,0
16594,0
8196,0
4238,0
26637,0
13767,0
23727,0
34076,0
16450,0
28430,0
37992,0
8892,0
40918,0
30199,0
29653,0
41175,0
19614,0
10201,0
12758,0
19146,0
5725,0
4243,0
38104,1
36944,0
21229,0
35857,0
9200,1
18472,0
19252,0
21357,0
25987,0
24837,0
21841,0
28811,0
25752,0
20968,0
16720,0
32751,0
12714,0
31855,0
29172,0
32653,0
26406,0
21297,0
41144,0
7685,0
6215,0
33810,0
16057,0
9623,0
560,0
24715,0
18943,0
15666,0
9885,0
24776,0
10040,0
17659,0
2429,0
38566,0
25154,0
30470,0
30944,1
15072,0
13667,0
25173,0
12604,0
40840,0
15752,0
11816,0
20386,0
12638,0
20820,0
11202,0
1470,0
4628,0
15206,0
37464,0
6949,0
35178,0
18619,0
2036,0
38769,0
33631,0
11089,0
1036,0
32036,0
3319,1
33142,0
14358,0
997,0
34487,0
31645,0
25673,0
21510,0
36531,0
7232,0
31523,0
28154,0
17901,0
32665,1
40945,0
28774,0
35158,0
32519,0
25189,0
6575,0
23354,0
13636,0
20752,0
23942,0
40357,0
26192,0
39426,0
22062,0
38013,0
604,0
4397,0
37689,0
5670,0
8490,0
14939,0
12327,0
40885,0
32990,0
18464,0
23796,0
8368,0
11880,0
28002,0
1013,0
34644,0
33594,0
26372,0
28760,0
1030,0
10798,0
23936,0
26712,0
24961,0
14319,0
667,0
6530,0
23990,0
40463,0
23963,0
20701,0
22035,0
1178,0
19564,0
16807,0
4046,0
39101,0
37560,0
36993,0
27922,0
36311,0
4220,0
32234,0
26932,0
9,0
22678,0
32720,0
14159,0
6810,0
22650,0
40948,0
34225,0
22706,0
5350,0
11188,0
37396,0
3891,0
15685,0
30203,0
34633,0
1284,0
26572,0
15497,0
7688,0
14985,1
20965,0
39601,0
9600,0
8222,0
31793,1
394,0
28780,0
20259,0
23211,0
21638,0
40556,0
31719,0
13302,0
19982,0
39097,0
20881,0
38545,0
4719,0
18035,0
33023,0
226,0
10777,0
323,0
30669,0
13778,0
12210,0
32225,0
38635,0
15778,0
12667,0
34621,0
1853,0
30250,0
14123,0
3528,0
40827,0
13666,0
26871,0
30708,0
24849,0
39799,0
9079,0
22373,0
2820,0
1455,0
34623,0
39541,0
10309,0
17918,0
5149,0
33137,0
28341,0
38172,0
28388,0
41034,0
21765,0
6432,0
35868,0
13681,0
27088,0
9966,1
17133,0
32279,1
36619,0
23981,0
16922,0
5107,0
228,0
31740,0
24959,0
36669,0
9742,0
18914,0
10230,0
32912,0
3882,0
15333,0
16077,0
1694,1
290,0
1503,0
17470,0
12742,0
2146,0
8420,0
30027,0
15433,0
16539,0
13236,0
37287,0
23021,0
1329,0
21781,0
28779,0
22702,0
24225,0
9944,1
40776,0
25255,0
19055,0
35171,0
40842,0
27399,0
16519,0
335,0
40476,0
22395,0
41097,0
1518,0
14718,0
11872,0
27639,0
17706,0
8508,0
2711,0
20812,0
10457,0
28236,0
29028,0
13477,0
10871,0
37443,0
34386,0
9228,0
14782,0
18216,0
35331,0
3759,0
23206,0
9634,1
3594,0
17775,0
4296,0
11869,0
35714,0
14375,0
8607,0
29601,0
8610,1
31387,0
25532,0
36896,0
26246,0
14344,0
12622,0
36950,0
40946,0
18593,0
40723,0
11369,0
465,0
5811,0
34841,0
35506,0
32752,0
1735,0
10707,0
826,0
32264,0
21018,0
7611,0
25478,0
24261,0
4505,0
11376,0
33229,0
19269,0
27448,0
8081,0
19645,0
5074,0
6273,0
3704,0
13360,0
4035,0
26839,0
14250,0
1999,0
17099,0
1640,0
27749,0
40182,0
37597,0
4108,0
26554,0
5185,1
6797,0
18838,0
3292,0
28959,0
28245,0
30921,0
5023,0
39529,0
41031,0
12842,0
10008,0
12611,0
23771,0
9553,0
33125,0
40749,0
16783,0
9941,0
34842,0
39138,0
31561,0
8554,0
10034,1
39387,1
13747,0
21407,0
17073,0
3381,0
22365,0
15818,0
13645,0
9664,0
8,0
14562,0
1454,0
11763,0
30076,0
9658,0
20910,0
30780,0
3609,0
23991,0
2029,0
12424,0
17485,0
23598,0
3593,0
33790,0
1642,0
20946,0
11442,0
11555,0
11605,0
2570,0
19151,0
11761,0
23765,0
5815,0
35528,0
10406,0
19805,0
5946,0
23135,0
39100,1
15307,0
11195,0
15502,0
3769,0
182,0
6925,0
31997,0
17343,0
36989,0
22643,0
28962,0
18457,0
16573,0
22725,0
9203,1
21373,0
5288,0
15368,0
12923,0
31732,0
29181,0
1580,0
30225,0
12668,0
40607,0
14412,0
10441,0
20304,0
23955,0
3971,0
16463,0
19558,0
37922,0
7064,0
38444,0
2093,0
16148,0
1406,0
39629,0
15902,0
20107,0
38192,0
5515,0
32859,0
22084,0
25067,0
39987,0
36604,0
12831,0
18494,0
7889,0
26538,0
5290,0
11874,1
27540,0
1103,1
8419,0
5564,0
9715,1
22145,0
29753,0
19317,0
35244,0
28365,0
1689,0
6492,0
33696,0
15955,0
17961,1
7325,0
40904,0
31397,0
11524,0
8089,0
28155,0
16849,0
33690,0
946,0
20787,0
23438,0
28041,1
277,0
30941,0
34808,0
15549,0
993,0
11055,1
14148,0
20744,0
33518,0
39509,0
28455,0
1560,0
36946,0
22285,0
5569,0
27994,0
19313,0
35490,0
19124,0
20503,0
264,0
31274,0
40333,0
32732,0
12953,1
13812,0
24919,0
19682,0
3988,0
3379,0
23279,0
589,0
11638,0
40838,0
17086,0
31864,0
25743,0
31338,0
414,0
21524,0
6513,0
23779,0
36796,0
18831,0
14475,0
36571,0
34213,0
9207,0
18514,0
32729,0
18570,0
32903,0
1469,0
9479,0
27030,0
10859,0
27899,0
26160,0
40934,0
3218,1
8871,0
11719,0
10206,0
13025,0
31556,0
17106,0
32722,0
12513,0
23343,0
14991,0
16454,0
36855,0
16811,0
35755,0
34723,0
12386,0
12014,0
15373,0
25079,0
41141,1
29123,0
21710,0
3451,0
25854,0
2053,0
25233,0
11391,0
33933,0
30502,0
31879,0
11598,0
21111,0
17304,0
33621,0
22699,0
1019,0
31427,1
39470,0
5265,0
20538,0
2636,0
7195,0
7324,0
521,0
424,0
29858,0
32995,0
21460,1
21844,0
5512,0
28946,0
40533,0
11162,0
29386,0
36881,0
20731,0
3697,0
7141,0
19714,0
25127,0
14872,0
12699,0
8814,0
2554,0
7940,0
35380,0
22134,0
21124,0
14331,0
11810,0
25274,0
7818,0
11034,0
9548,0
20493,0
40831,0
14962,0
23054,0
22233,0
40135,0
24102,1
11297,1
21728,0
34100,0
32499,0
28631,0
27732,0
15995,0
23344,0
41153,0
7169,0
24662,1
35887,0
11227,0
13656,0
25358,0
22469,0
30838,0
40707,0
33629,0
33331,0
22544,0
2237,0
18317,0
20774,0
11280,0
19189,0
3950,0
6392,0
24807,0
7760,0
18092,0
10636,1
23538,0
31661,0
26666,0
18352,0
3408,0
36520,0
8413,0
2758,0
25994,0
17799,0
33706,0
28195,0
2165,0
16732,0
15961,0
25163,0
9017,0
39229,0
7928,0
15769,0
1623,0
35305,0
13041,0
1517,0
14304,0
20110,0
33462,0
30918,0
15556,0
21763,0
17929,0
29841,0
30559,0
19114,0
4907,0
9736,0
29565,1
23937,0
35224,0
21910,0
12855,0
12515,0
17276,0
25200,0
4252,0
6907,0
31981,0
39934,1
15881,0
15621,0
38906,0
26831,0
682,0
9043,0
3398,0
28466,0
2500,0
5547,0
14083,0
38490,0
33575,0
16955,0
23550,0
33214,0
3592,0
20844,0
9836,0
20455,0
31762,0
32779,0
29362,0
7305,0
36843,0
983,0
12564,0
39512,0
16001,0
3336,0
30198,0
13437,0
10631,0
36294,0
19253,0
3024,0
17145,0
193,0
14898,0
18834,0
30359,0
7766,0
1832,0
31374,0
7514,0
21167,0
7273,0
28308,0
764,0
30968,0
24688,0
23785,0
41039,0
33839,0
38129,0
35078,0
20270,0
26493,0
10104,0
9420,0
24579,0
26552,0
15799,0
39732,0
7331,0
13210,0
19897,0
15469,0
35919,0
6709,0
21025,0
19723,0
22420,0
7403,0
588,0
18917,0
31748,0
30787,0
22885,0
36545,0
4986,0
14453,0
19796,0
33555,0
35316,0
31898,0
1784,0
35175,0
23491,0
12885,0
38209,0
29535,0
36556,0
24767,0
5005,0
20066,0
1157,0
13578,0
37731,1
25268,0
39292,0
30081,0
10074,0
17640,0
5484,0
14503,0
7767,0
35536,0
36964,0
36884,0
9002,0
40036,0
15719,0
37244,0
10622,0
14570,0
304,0
13751,0
10568,0
26573,0
32448,0
28882,0
29833,0
11315,0
1513,0
38586,0
17884,0
35926,0
9333,0
31792,0
29967,1
1357,0
8202,0
20287,0
25055,0
3320,0
32092,0
27504,0
7148,0
26592,0
18589,0
11292,0
25363,0
25679,0
16127,0
24945,0
25815,0
31741,0
22121,0
22173,0
11971,0
34220,0
30128,0
31439,0
13750,0
14894,0
22762,0
4774,1
21392,0
38860,0
36865,0
35980,0
21056,0
22092,0
40032,0
9592,0
21414,0
2743,0
25049,0
30580,0
23583,0
28639,0
38609,0
2600,0
12367,0
34069,0
23085,0
35530,0
13826,0
5199,0
15160,0
11198,0
34658,0
20,0
12317,0
10553,0
8900,0
36722,0
10299,0
32384,0
3560,0
1077,0
40659,0
2074,0
19039,0
21396,0
33817,0
26738,0
27971,0
10379,0
14762,0
3735,0
17429,0
14902,1
33337,0
4363,0
25738,0
12396,0
6756,0
31524,0
36612,0
34950,0
23253,0
15372,1
18654,0
38030,0
1378,0
6086,0
12389,0
31202,0
16610,0
12384,0
3534,0
22424,0
10866,0
33116,0
17172,0
2840,0
17334,0
13997,0
11062,0
8740,0
27550,0
18637,0
25096,0
25246,0
38945,0
29572,0
14650,0
23023,0
35742,0
23486,0
14599,0
22564,0
2446,0
31685,0
2619,0
27325,0
29309,0
35193,0
37079,0
32969,0
6938,0
27526,0
38285,0
20768,0
21988,0
7560,0
40403,0
31989,0
29323,0
22667,0
28057,0
6814,0
22438,0
3450,0
31909,0
655,0
19110,0
10262,0
28431,0
5180,0
33028,0
6543,0
15084,0
22083,0
27038,0
3504,0
8459,0
34812,0
140,0
16044,0
34175,0
247,0
5620,0
7291,0
27521,0
20108,0
7567,0
24026,0
34363,0
33650,0
35340,0
29950,0
15923,0
8799,0
11747,0
16176,0
9876,0
4964,0
10465,0
34403,0
21928,0
18122,0
37364,0
8642,0
11741,0
985,0
40489,0
29270,0
23080,0
10300,0
34597,0
29170,0
33577,0
18685,0
29015,0
24554,0
13669,0
29758,0
26991,0
14912,0
39869,0
4639,0
17234,0
13458,0
17444,0
362,0
15334,0
37070,0
31379,0
4766,0
17287,0
36429,0
11925,0
34871,0
9357,0
20796,0
4762,0
7952,0
12919,0
39381,0
11826,0
29651,0
7165,0
9875,0
3377,0
24726,0
17372,0
9608,0
13988,0
2459,0
27871,0
7193,0
5767,0
11951,0
28303,0
26803,0
19853,0
610,0
28541,0
21579,0
28510,0
7416,0
26821,0
40633,0
37221,0
5998,0
37433,0
33358,0
18198,0
27491,0
2559,0
13870,0
30796,0
18247,0
9387,0
16411,0
29663,0
25647,0
26356,0
39965,0
4805,0
16586,0
17936,0
12894,0
35736,0
36232,0
1214,0
20453,1
26764,0
38139,0
34610,0
38644,0
23968,0
32103,0
7639,0
15747,0
26079,0
32232,0
32551,0
39915,0
34647,0
17345,0
31875,0
21868,0
10165,0
28520,0
29355,0
35854,0
17205,0
16370,0
34968,0
9574,0
12669,0
1277,0
16198,0
10107,0
12884,0
13132,0
16364,0
35149,0
38837,0
3941,0
26840,0
20068,0
11488,0
1889,0
28505,0
4825,0
21247,0
17790,0
34304,0
23003,0
12325,0
33726,0
11184,0
3041,0
32514,0
12880,0
11540,0
30923,0
30080,0
23500,0
13285,0
30540,1
12484,0
29318,0
24210,0
38194,0
23601,0
38270,0
13687,0
33379,0
31964,0
11863,0
37624,0
5971,0
6062,0
13514,0
8765,0
3927,0
23952,0
31501,0
7050,0
23445,0
32257,0
29660,0
29173,0
19939,0
22500,0
31484,0
28269,0
9925,0
31958,0
33780,0
29352,0
22813,0
38404,1
27315,0
33057,0
15831,0
27958,0
17684,0
23127,0
16453,0
28452,0
26084,0
28051,0
35830,0
5962,0
19936,0
21158,0
619,0
14004,0
16725,0
7414,0
27568,0
33745,0
15165,0
27413,0
13553,0
6190,0
24079,0
31669,0
34128,0
21598,0
23619,0
12872,0
31769,0
24304,0
35241,0
15725,0
29920,0
29416,0
21797,0
31273,0
15707,0
11993,0
2631,0
23193,0
27217,0
4926,0
622,0
33851,0
12224,0
5160,0
38386,0
22425,0
8206,0
12937,0
2868,0
13156,0
37835,1
38812,0
2416,0
37033,0
950,0
1430,0
40266,0
37865,0
38431,0
18480,0
9358,0
31018,0
35001,0
34704,0
28442,0
4924,0
9436,0
12271,0
13457,0
38007,0
21801,0
9309,0
13278,0
11371,0
18840,0
39061,0
19575,0
30733,0
24326,0
33017,0
16665,0
27716,0
15087,0
37429,0
13628,0
21744,0
34440,0
21150,0
23754,0
36668,0
5896,0
21191,0
18567,0
22174,0
33590,0
8862,0
10719,0
26487,0
20233,0
2922,0
21258,0
13702,0
30412,0
1010,0
18221,0
41042,0
34580,0
28741,0
16702,0
37016,0
17003,0
5415,0
26482,0
34705,0
32842,0
2167,0
36141,0
10690,0
3312,0
34943,0
40483,1
26078,0
6622,0
10115,0
3930,0
4543,0
37498,0
34774,0
35984,0
37723,0
24913,0
30028,0
5393,0
19336,0
6458,0
27754,0
20532,0
24204,0
40308,0
17524,0
18339,0
26828,0
38825,0
39160,0
27116,0
31144,0
28319,0
32718,0
20410,0
7594,0
29504,0
5058,0
15589,0
34293,0
33019,0
29105,0
21341,0
21698,0
24844,0
9844,0
13164,0
36991,0
25740,0
2553,0
20565,0
30670,0
18960,0
248,0
32419,0
36994,0
33663,0
34111,0
26347,0
14313,0
13661,0
8305,0
26971,0
4102,0
24621,0
12992,0
40952,0
23857,0
29375,0
5625,0
17834,0
6522,0
7497,0
12601,0
34143,0
25168,0
8333,0
38249,0
13996,0
11537,0
624,0
36016,0
12230,0
37691,0
9527,0
24372,0
9777,0
25586,0
15245,0
14812,0
24797,0
30106,0
23970,1
26054,0
16501,0
13691,0
23129,0
12520,1
35841,0
2620,0
21347,1
11812,0
6150,0
11535,0
41083,0
4787,0
20789,0
462,1
12185,0
35198,0
32107,0
10621,0
9743,0
10327,0
40619,0
36359,0
548,0
18270,0
37332,0
7593,0
37656,0
27147,0
34883,0
9543,0
24888,0
4383,0
41059,0
32086,0
31346,0
7483,0
40047,0
5917,0
25169,0
10159,0
35972,0
39294,0
2753,0
15672,0
15412,0
13780,0
12566,0
11593,0
5177,0
26927,0
36635,0
34711,0
10046,0
23494,0
1912,0
39217,0
20416,0
111,0
10743,1
39286,0
5470,0
32212,0
36773,0
29094,0
10917,0
27387,0
12935,0
6536,0
35667,0
15822,0
14634,0
10455,0
34085,0
21772,0
37078,0
26731,0
20602,0
5335,0
524,0
13863,0
14498,0
35267,0
29522,0
40218,0
12899,0
26553,0
36905,0
6887,0
25254,0
35007,0
6467,0
38704,0
39450,0
19048,0
24495,0
19887,0
11854,0
22830,0
4315,1
29792,0
25983,0
2059,0
22639,0
30734,0
23909,0
3361,0
31499,0
39619,0
7027,0
7360,0
1413,0
37188,0
16302,0
1811,0
38658,0
21312,0
18072,0
13423,0
31352,0
4733,0
8272,0
12987,0
10696,0
13821,0
7375,0
23553,0
22945,0
2064,0
6291,0
10548,0
39207,0
5873,0
23355,0
32308,0
31650,0
20322,0
33643,0
11631,0
16421,0
5033,0
13759,0
11022,1
21571,0
37593,0
29046,0
10173,1
13382,0
5098,0
13336,0
29426,1
30522,0
60,0
5021,0
19894,0
8154,0
9459,0
36797,0
23542,0
822,0
4092,0
8507,0
9826,0
15821,0
15311,0
8400,0
9492,0
11,0
6121,0
30702,0
20749,0
36192,0
28244,0
40880,0
24057,0
29423,0
1271,0
23557,0
12304,0
5067,0
13020,1
21469,0
5447,0
33752,0
16020,0
20463,0
28732,0
13659,0
18804,0
15204,0
13408,0
6281,0
22013,0
10293,0
26540,0
25084,0
14904,0
32001,0
10193,0
11224,0
3144,0
34469,0
34582,0
2696,0
10070,0
39323,0
26676,0
20221,0
56,0
31091,0
1508,0
28339,0
36542,0
25536,0
41088,0
15313,0
8681,0
5957,0
7942,0
13634,0
38451,0
37936,0
33342,0
5003,0
4021,0
25360,0
31441,0
36621,0
11930,0
16507,0
24052,0
39571,0
33530,0
3380,0
21956,0
1862,0
31419,0
8080,0
8393,0
9704,1
25447,0
37304,0
28235,0
8529,0
9677,0
5976,0
26468,0
18701,0
40818,0
5714,0
27646,0
33046,0
12532,0
40241,0
15048,0
8121,0
1043,0
24593,0
22066,0
3340,0
8751,0
40200,0
12087,0
18064,0
17519,1
8571,1
25384,0
2254,0
29068,0
32805,0
38859,0
1345,0
19669,0
11272,0
8721,0
23048,0
3679,0
32657,0
33648,0
15237,0
21838,0
36269,0
9238,0
29277,0
27881,0
40534,0
36144,0
4597,0
7507,0
17781,0
27616,0
29911,0
37481,0
19021,0
13348,0
38567,0
40457,0
4169,0
32943,0
19792,0
28104,0
12692,0
36747,0
25090,0
3378,0
31670,0
25040,0
16544,0
39032,0
24815,0
25457,0
26616,0
89,0
27099,0
8054,0
20353,0
35420,0
1179,0
23986,1
18115,0
18385,0
10742,0
25577,0
18651,0
34511,0
19346,0
12848,0
31373,0
8211,0
6741,0
25081,0
31354,0
16597,0
19271,0
35026,0
34002,0
32899,0
20348,0
26149,0
32176,0
19239,0
17302,0
5170,0
17260,0
15931,0
8597,0
29371,0
29640,0
15444,0
9534,0
32966,0
21980,0
71,0
5573,1
18802,0
31063,0
36681,0
13024,0
3662,0
20409,0
34657,0
9767,0
34180,0
24368,0
12202,0
12339,0
17894,0
7315,0
2703,0
15976,0
12141,0
34108,0
3995,0
22263,0
14535,0
11104,0
40815,0
39036,0
4707,0
37781,0
24804,0
19528,0
26982,0
11749,0
9995,0
32252,0
35784,0
5391,0
12514,0
19348,0
25589,0
17693,0
22839,0
2266,0
4001,0
27131,0
8696,0
20374,0
8572,0
27793,0
21515,0
14867,0
5682,0
2407,0
18703,0
20345,0
9094,0
36725,0
3968,0
11850,0
33724,0
21914,0
20720,1
10177,0
7541,0
17910,0
20760,0
8733,0
38071,0
15380,0
4194,0
1924,0
38077,0
16576,0
18927,0
9415,0
37752,0
34921,0
35828,0
40224,0
22518,0
6873,0
6695,0
3210,0
33866,0
20989,0
28540,0
21088,1
8111,0
28399,0
29011,0
25942,0
15061,0
23879,0
12861,0
4003,0
20803,0
18648,0
40542,0
9894,0
20454,0
31251,0
33343,0
38813,0
20017,0
40788,0
10947,0
6855,0
5771,0
38015,0
33441,0
36454,0
40677,0
23418,0
22375,0
19215,0
27434,0
3147,0
2695,0
36511,0
20267,0
13528,0
32127,1
36059,0
1065,0
40265,0
19372,0
30717,0
21281,0
1671,0
34637,0
27964,0
32124,0
26267,0
12974,0
11145,0
26496,0
36218,0
33615,0
25402,0
10209,0
12567,0
5833,0
18093,0
22548,0
40075,0
38727,0
16578,0
16859,0
40624,0
18058,0
38027,0
4498,0
14713,0
3781,0
31295,0
130,0
2941,0
1585,0
33073,0
40484,0
27230,0
36343,0
8229,0
15688,0
37404,0
4255,0
29030,0
20293,0
6812,0
2829,0
40771,1
3832,0
13829,0
28883,0
24186,0
16840,0
33867,0
4984,0
9210,0
3635,0
13847,0
21720,0
40916,0
36498,0
26729,0
1624,0
12925,0
7863,0
39759,0
26022,0
40926,0
5587,0
21316,0
27729,0
18113,0
24408,0
11959,0
17697,0
10983,0
32770,0
18361,0
21520,0
21342,0
29908,0
32216,1
32554,0
40772,0
33456,0
23097,0
18695,0
26627,0
30907,0
14229,0
32052,0
8910,0
30233,0
3085,0
38871,0
9044,0
8728,0
28021,0
29021,0
2841,0
38525,0
35569,0
29510,0
15277,0
14592,0
15095,0
5953,0
23973,0
9077,0
10769,1
6454,0
30016,0
18992,0
38569,0
13341,0
27933,0
27553,0
4391,0
21551,0
10519,0
17256,0
36423,0
3599,0
31873,0
31287,1
23148,0
8790,0
16770,0
275,0
34701,0
34919,0
35090,0
15004,0
18550,0
2838,0
6477,0
18602,0
17486,0
23340,0
16046,1
21669,0
30169,0
33003,0
34973,0
1637,0
11267,0
35864,0
17024,0
34767,0
39797,0
31166,0
5069,0
29070,0
30842,0
30950,0
23810,0
36132,0
26966,0
21319,0
30951,0
926,0
37297,0
7660,0
23130,0
11454,0
5550,0
10630,0
24203,0
26812,0
30158,0
14880,0
12281,0
8932,0
35076,0
10912,0
8825,0
25625,0
34026,0
25883,0
29551,0
21160,0
19183,0
32100,0
27162,0
20381,0
19477,0
22844,0
33672,0
38001,0
7858,0
5580,0
28102,0
29326,0
8257,0
16236,0
2637,0
27239,0
17227,0
29702,0
25500,0
12649,0
38135,0
22387,0
23687,0
33422,0
10423,0
10468,0
29487,0
12747,0
23181,0
30116,0
17956,0
231,0
11561,0
35811,0
34840,0
38619,0
32311,0
10105,0
9607,0
23806,0
12778,0
18759,0
26502,0
20488,0
28945,0
38944,0
4168,0
21860,0
17048,0
305,0
16498,0
11196,0
18196,0
34584,0
29316,0
20556,0
32906,0
6554,0
26150,0
904,0
15687,0
3008,0
27601,0
25467,0
15342,0
4260,0
15683,0
13399,0
25399,0
16684,0
24960,0
11406,0
15815,0
29955,0
2033,1
20269,0
35749,0
8124,0
34313,0
774,0
24870,0
23145,0
28529,0
22404,0
33965,0
38093,0
25764,0
32670,0
19461,0
18973,0
25016,0
37614,0
6640,0
31973,0
22226,0
19368,0
39488,0
15791,0
20262,0
24663,0
35968,0
32821,0
19013,0
23666,0
38985,0
39208,0
36579,0
35369,0
7700,0
34182,0
6792,0
14519,0
36539,0
15647,0
10274,1
22665,0
31473,0
3404,0
15812,0
12047,0
6823,0
38758,0
5937,0
4898,0
34431,0
7063,0
10933,0
15131,0
19071,0
33299,0
112,0
10931,0
15671,0
3230,0
27698,0
27609,0
3871,0
36954,0
4943,0
24283,0
39188,0
35862,0
30321,0
9882,0
649,0
32640,0
7419,0
38222,0
30121,0
27209,0
35754,0
13077,1
9081,0
35415,0
30635,0
37572,0
13194,0
37777,0
1787,0
15496,0
35081,0
34512,0
26387,0
31990,0
5238,0
36390,0
13231,0
13001,0
37311,1
4229,0
7252,0
28658,0
2495,0
10436,0
374,0
34557,0
11627,0
27718,0
17300,0
2251,0
9858,0
23223,0
5438,1
39762,0
33858,0
10353,0
3064,0
4652,0
17880,0
30671,0
24049,0
13856,0
5340,0
570,0
15042,0
25499,0
23531,0
17846,0
3809,0
29764,0
24389,0
1547,0
11322,0
33498,0
2090,0
23308,0
39163,0
10502,0
16339,0
27392,0
1385,1
2967,1
15203,0
22555,0
7378,0
4686,0
37179,0
23621,0
7713,0
26231,0
26533,0
11096,0
36153,0
6114,0
29129,0
37904,0
40094,0
5012,0
20771,0
12177,0
26585,0
36318,0
39664,0
30093,0
7455,0
16941,0
15975,0
37467,0
11966,0
33506,0
2313,0
13781,0
28450,0
38025,0
13910,0
31454,0
1646,0
10913,0
1998,0
9864,0
17317,0
37321,0
14076,0
22696,0
27008,0
16930,1
6133,0
38961,0
38584,0
28923,0
36516,0
13388,0
39938,0
20866,0
24742,1
31802,0
37988,0
36372,0
446,0
24440,0
10043,0
33072,0
4847,0
19335,0
12643,0
31970,0
7476,0
34646,0
6326,0
1054,0
23507,0
14032,0
24480,0
17190,0
7159,0
15133,0
37784,0
31119,0
36677,0
12068,0
7309,0
2436,0
10227,0
8612,0
38091,0
2621,0
17925,0
18947,0
12033,0
34219,0
37461,0
33544,0
31976,0
13549,0
1526,0
30597,0
28289,0
2678,0
28600,0
36932,0
22833,0
15608,0
28281,0
30383,0
16485,0
35675,0
12549,0
6000,0
37909,0
5053,0
14910,0
10683,0
8736,0
40520,0
38323,0
24285,0
1041,0
15709,0
3516,0
33022,0
9487,0
15031,0
19626,0
17596,1
18873,0
33045,0
21500,0
3074,0
30961,0
14057,0
25,1
39636,0
25915,0
8605,0
6975,0
39345,0
988,0
34760,0
14813,0
27904,0
6872,0
22215,0
36909,0
8370,0
7835,0
2245,0
3032,0
25412,0
10041,0
36237,0
25567,1
15323,0
40317,0
26059,0
36659,0
634,0
28052,0
211,1
16543,0
10651,0
22953,0
2439,0
23375,0
19156,0
19283,0
21218,0
22701,0
23079,0
32989,0
30045,0
19713,0
10603,0
34604,1
29290,0
18782,0
16905,0
22704,0
33361,0
21351,0
39239,0
19933,0
7510,0
9692,0
820,0
34365,0
3572,0
16412,0
31795,0
25888,0
17564,0
25581,0
1941,0
9054,0
7976,0
32758,0
7841,0
234,0
2700,0
26397,0
32790,0
5303,0
34282,0
40384,0
29376,0
15810,0
13362,0
29106,0
26488,0
31800,0
16647,0
12764,0
19877,0
26782,0
4983,0
34583,0
24529,0
24224,0
2816,0
31358,0
33504,0
22089,0
24346,0
31858,0
39778,0
5911,0
14399,0
13529,0
34797,0
27389,0
15239,0
4694,0
29281,1
24123,0
8991,0
16701,0
27900,0
39173,0
41069,0
26960,0
5272,0
17870,0
30965,0
19077,0
4836,0
28745,0
18378,0
29742,0
3352,0
23726,0
10131,0
30871,0
6377,0
11278,0
6870,0
11529,0
33591,0
29814,0
23240,0
34726,0
39479,0
32502,0
25177,0
11498,0
4180,0
21089,0
4269,0
41166,0
7894,0
31174,0
21031,0
2542,0
30874,0
3145,0
37877,0
29538,0
18623,0
38039,0
23751,0
32980,0
16265,1
29952,0
7155,0
36696,0
26822,0
10601,0
33063,0
31143,0
35717,0
39478,0
20839,0
24190,0
25968,0
1322,0
23703,0
10077,0
28092,0
14131,0
15615,0
6371,0
13642,0
6921,0
10167,0
29703,0
6336,0
10531,0
8544,0
39202,0
24213,0
27461,0
16337,0
20818,0
5630,0
17952,0
21121,0
29523,0
16393,0
30487,0
9443,0
6551,0
11283,0
3890,0
20947,0
4504,0
357,0
26543,0
36973,0
15287,0
16911,0
22918,0
25277,0
26788,0
5204,0
23860,0
21879,0
21913,0
34217,0
39746,0
13678,0
5624,1
18523,0
20983,0
34325,0
3962,0
39066,0
31457,0
17541,0
32480,0
23671,0
26310,0
31922,0
1327,0
26429,0
19523,0
33630,0
18405,0
34665,0
7300,0
34223,0
8172,0
15172,0
37040,0
36174,0
5685,0
13983,0
17036,0
16009,0
962,0
16205,0
5320,0
204,1
10902,0
20051,0
26428,0
40166,0
99,0
16980,0
22747,0
37263,0
34700,0
38636,0
9414,0
38807,0
1711,0
3252,0
5592,0
27443,0
28096,0
32561,0
30367,0
9258,0
4791,0
36575,0
20347,0
5472,0
28565,0
37896,0
25208,0
16580,0
40872,1
33750,0
26016,0
39544,0
39468,0
30991,0
28743,0
14084,0
963,0
24830,0
3150,0
29634,0
12658,0
31153,0
13414,0
13334,0
15416,0
7095,0
27266,0
24802,0
21665,0
9624,0
675,0
17006,0
16443,0
38429,0
13234,0
39753,0
15325,0
21130,0
29056,0
19280,0
915,0
21696,0
26701,0
7077,0
17009,0
34231,0
30736,0
35995,0
29809,0
30068,0
1215,0
4889,0
11569,0
9347,0
5222,0
40206,0
37874,0
35665,0
17104,0
10852,0
22856,0
32620,0
27721,0
11440,0
12787,0
3525,0
15294,0
40832,0
31684,0
31366,0
8315,0
19359,0
37253,0
6752,0
3762,0
20054,0
7181,0
38715,0
21631,0
3840,0
18579,0
9726,0
36388,0
35167,0
37970,0
23736,0
6059,0
31598,0
41136,0
9517,0
36503,0
40400,1
4308,0
10120,1
9831,0
30970,0
15692,0
37046,0
24965,0
37762,0
9390,0
19926,0
28191,0
14885,0
22736,0
36353,0
28129,0
41063,0
4911,1
30751,0
9056,0
1321,0
34786,0
11378,0
10749,0
9290,0
16246,0
6338,0
1478,0
35792,0
165,0
32491,0
37121,0
22423,0
13703,0
7650,0
21859,0
17728,0
21791,0
14829,0
26535,0
4226,0
11996,0
17382,0
20280,0
29707,0
17446,0
3424,0
16052,0
26452,0
376,0
20658,0
40694,0
35188,0
625,0
10014,0
32577,0
24139,0
36500,0
14905,0
24553,0
21834,0
23763,1
38553,0
18290,0
30987,0
23934,0
36642,0
18055,0
38481,0
10734,0
7892,0
30313,0
4764,0
23472,0
7563,0
21543,0
1861,0
14557,0
23311,0
28063,0
38913,0
39280,0
15830,0
39266,0
16598,0
27496,0
5038,0
20113,0
6436,0
1922,0
2006,0
36418,0
25339,0
2001,0
2717,0
24363,0
16549,0
15887,0
20498,0
11864,0
23809,0
2521,0
7351,0
22328,0
8707,0
16677,0
38701,0
19456,0
36066,0
28211,0
8833,0
36967,0
32933,0
24622,0
15144,0
8710,0
6787,0
1016,1
23027,0
37360,0
24199,0
16061,0
6786,0
3567,0
4264,0
5894,0
27118,0
32579,0
1748,0
27838,0
27888,0
22910,0
30809,0
3613,0
21193,0
21467,0
6036,0
39525,0
19843,0
33727,0
19676,0
26100,0
36509,0
23383,0
10679,0
3566,0
28068,0
19137,0
19635,0
21941,0
32731,0
41178,0
2833,0
9675,0
23106,0
30759,0
38396,0
32672,0
41041,0
4584,0
23610,0
18389,0
23648,0
16590,0
37210,0
14850,0
19504,0
12397,0
29944,0
33094,0
31529,0
23546,0
3611,0
39963,0
40901,0
21663,0
18433,0
20889,0
5960,0
21354,0
10219,0
22038,0
1057,0
15273,0
12941,0
16960,0
7654,0
26047,0
14049,0
23411,0
11786,0
16110,0
39977,0
33871,0
5710,0
21686,0
9843,0
3969,0
39511,0
31204,0
23071,0
19529,0
38047,0
11890,0
6399,0
10614,0
37462,0
2424,0
38225,0
6315,0
7784,0
25773,0
40715,0
27242,0
11785,0
8850,0
36213,0
7493,0
24272,0
3899,0
14688,0
1541,0
19795,0
2749,0
13877,0
12845,0
40432,0
39888,0
1020,0
4552,1
13626,0
38928,0
30792,0
18516,0
15989,0
2281,0
37018,0
23025,0
23119,1
20197,0
32222,0
23755,0
27854,0
30120,0
16991,0
16934,0
20476,0
28381,0
12435,0
30058,0
30390,1
5712,0
21054,0
16074,0
38544,0
25766,0
12705,0
325,0
31496,0
21851,0
28627,0
28836,0
8191,0
2754,0
30161,0
28033,0
18223,0
37664,0
11460,0
22228,1
8045,0
1292,0
22685,0
38583,0
116,0
39780,0
9845,1
32628,0
34761,0
11361,0
16735,1
21539,0
17152,0
5861,0
14836,0
8697,0
26450,0
27579,1
24043,0
35385,0
12991,0
22661,0
32166,0
13257,0
36236,0
34763,0
38374,0
28820,0
10467,0
38276,0
19445,0
12420,0
22191,0
40120,0
33252,0
34226,0
34261,0
33392,0
11493,0
10108,0
21250,0
8472,0
31024,0
25694,0
13184,0
37603,0
10799,0
4602,0
28326,0
20710,0
24051,0
23424,0
34507,0
2323,0
4491,0
28147,0
21525,0
34603,0
7352,0
8895,0
27174,0
27832,0
21655,0
29165,0
12223,0
24257,0
26303,0
14895,0
20599,0
20340,0
12864,0
5993,0
22859,0
20763,0
25125,0
14311,0
16879,0
31953,0
39259,0
8616,0
14954,0
27557,0
3648,0
36974,0
21975,0
9467,0
38951,0
18009,0
4957,0
30055,0
33393,0
13735,0
29226,0
40751,0
16572,0
3678,0
11666,0
3197,0
29647,0
29536,0
7821,0
8003,0
12846,0
10886,0
11885,0
27822,0
39187,0
24384,0
15111,0
4089,0
24988,0
16283,0
8598,0
3980,0
27453,0
23098,0
2329,0
6966,0
23203,0
6962,0
31968,0
30168,0
33316,0
19435,0
11092,0
19601,0
5445,0
6980,0
2705,0
20402,0
19553,0
6372,0
26273,0
18372,0
23800,0
31886,0
31265,0
12365,0
24866,0
21877,0
1577,0
1721,0
9161,0
18995,0
30508,0
34606,0
29255,0
40141,0
30090,0
15079,0
7810,0
22198,0
38893,0
41137,0
19275,0
25465,0
25101,0
37824,0
29017,0
38414,0
15197,0
12159,0
33160,0
23014,0
2530,0
18412,0
1854,0
27873,0
40713,0
6901,0
29367,0
1195,0
6080,0
22774,0
20930,0
29545,0
35888,0
6886,0
4993,0
8824,0
24362,0
34666,0
27059,0
29613,0
32108,0
25939,0
2098,0
40391,0
5406,0
17310,0
22797,0
8032,0
22306,0
25377,0
27669,0
2632,0
17207,0
16898,0
7781,0
3192,0
6335,0
13354,0
9594,0
3326,0
13010,0
27697,0
6255,0
32424,0
6912,0
695,0
18780,0
27183,0
19242,0
23668,0
29537,0
32986,0
17097,0
13639,0
34147,0
20552,0
39740,0
37147,0
18097,0
34686,0
39506,1
27053,0
7412,0
1807,0
5897,0
24588,0
22411,0
18936,0
9324,0
15384,0
35669,0
12055,0
33410,0
12730,0
16145,0
6051,0
24566,0
33521,0
33928,0
18244,0
30588,0
18768,0
4604,0
28933,0
16971,0
20852,0
4600,0
17848,0
29341,0
16481,0
19825,1
36605,0
12201,0
38486,0
30173,1
5206,0
25959,0
30710,0
9519,0
37837,0
25953,0
1675,0
8849,0
7895,0
3114,0
31321,0
32130,0
11056,0
7844,0
5181,0
17813,0
22175,0
4626,0
34362,0
29492,0
2490,0
19089,0
39803,0
16866,0
23514,0
14435,0
778,0
37823,0
28759,0
37499,0
40412,0
6864,0
27770,0
34886,0
20035,0
29268,0
1988,0
27748,0
8497,0
37418,0
13512,0
5126,0
6352,0
6495,0
516,0
39174,0
4640,0
9518,0
37069,0
33529,0
8277,0
2426,0
12136,0
3168,0
20295,0
11129,0
36305,0
18169,0
30376,0
32874,0
30000,0
3120,0
21647,0
28659,0
27072,0
27218,0
4143,0
24086,0
34678,0
460,0
1185,0
15768,0
20395,1
21421,0
18815,0
33297,0
28083,0
20853,0
27780,0
17141,0
24172,0
12361,0
39767,0
40821,0
17008,0
40248,0
7126,0
23089,0
5007,0
22621,0
34809,0
22333,0
6770,0
1477,0
27391,0
37606,0
26835,0
760,0
29984,0
27256,0
39340,1
37681,0
5457,0
13429,1
33519,0
33803,0
18417,0
20096,0
25792,0
32863,0
39261,0
24937,0
22710,0
9698,0
15360,0
33390,1
27419,0
16577,0
31525,0
1136,0
38337,0
6231,0
31192,0
30619,0
22646,0
19794,0
8802,0
12257,0
31837,0
39563,0
32737,0
16125,0
10934,0
28991,0
9628,0
14915,0
40592,0
29795,0
12063,0
18725,0
15584,0
34264,0
15543,0
22334,0
794,0
25622,0
22860,0
3002,0
36588,0
10686,0
5229,0
26621,0
7260,1
24501,0
8556,0
17560,0
29023,0
38174,0
32714,0
27436,0
32648,0
14070,1
38303,0
223,0
14876,0
25710,0
34816,0
6469,0
16889,0
36049,0
40039,0
12654,0
25655,0
10590,0
38170,0
16005,0
24260,0
19024,0
6500,0
28986,0
29727,0
17860,0
34011,0
974,0
41008,0
6471,0
8856,0
34156,0
39050,0
32378,0
36113,0
1008,0
16234,0
32815,0
11182,0
33197,0
16712,0
7605,0
2336,0
17165,0
10828,0
7778,0
21094,0
34529,0
16242,0
25498,0
11365,0
18548,0
13897,0
14468,0
24735,0
18691,0
23280,0
25560,0
2366,0
24329,0
23737,0
1475,0
23847,0
15568,0
36990,0
26530,0
38770,0
20986,0
20635,0
21405,0
10055,0
23890,0
20871,0
38283,0
30604,0
21415,0
39248,0
3707,0
15572,0
37218,0
12802,0
26106,0
19098,1
24664,0
19697,0
39247,0
26790,0
10796,0
24211,0
35437,0
12222,0
34166,0
10084,0
13004,0
30599,0
4507,0
28989,0
11743,0
20911,0
13655,1
14596,0
8166,0
34488,0
19412,0
36570,0
9870,0
26223,0
30082,0
14630,0
34369,0
34995,0
17087,0
18940,0
11214,0
23543,0
12074,0
39905,0
46,0
1379,0
25607,0
39660,0
571,0
1921,0
40782,0
5772,0
22987,0
16756,0
36919,0
12112,0
23313,0
34520,0
36561,0
38319,0
26295,0
26648,0
138,0
12358,0
20924,0
11191,0
16037,0
16640,0
32350,0
6033,0
19967,0
22095,0
26369,0
40230,0
29187,0
24569,0
36097,0
1777,0
21685,0
13510,0
29275,0
14314,0
32539,0
38080,0
489,0
30725,0
9557,0
33049,0
1052,0
21082,0
1691,0
8096,0
41130,0
20650,0
35951,0
27414,0
27981,0
6457,0
36794,0
22733,0
11611,0
31703,1
27237,0
10560,0
10417,0
1340,0
9243,0
37189,0
17510,0
16964,0
23068,0
39890,0
4894,0
33487,0
25802,0
40066,0
28955,0
25878,0
34575,0
36816,1
3597,0
3051,0
26574,0
4745,0
17730,0
10576,0
22536,0
28849,0
4712,0
18140,0
6277,0
15175,0
25922,0
14235,0
4267,0
2659,0
4677,0
4807,0
110,0
19577,0
39379,0
30344,0
4029,0
21049,0
11025,0
32840,0
8650,0
36223,0
9708,0
35311,0
34777,0
457,0
36801,0
4610,0
16813,0
33721,0
29099,0
34348,0
29571,0
12763,0
6251,0
9074,0
25264,0
7691,0
20299,0
31066,0
33852,0
37132,0
16359,0
25761,0
32428,0
16096,0
19566,0
30363,0
14849,0
26203,0
40305,0
27475,0
12016,1
18185,0
13209,0
39520,0
15535,0
12150,1
31555,0
31884,0
32396,0
31178,0
36101,0
2475,0
22347,0
2895,0
10663,0
25464,0
4990,0
8930,0
29778,0
6494,0
1600,0
3898,0
34948,0
21703,0
26544,0
14977,0
37282,0
27281,0
36555,0
18380,0
12183,0
10996,0
33834,0
22818,0
32403,0
12416,0
28911,0
35852,0
17330,0
28691,0
25341,0
28558,1
11547,0
36118,0
39657,0
30750,0
31729,0
3391,0
1743,0
40529,0
14073,0
25578,0
38571,0
16272,0
29138,0
31915,0
19430,0
28630,0
20845,0
840,0
25387,0
25755,0
15187,0
17108,0
15859,0
8070,0
40977,0
26415,1
9898,0
4114,0
29399,0
40073,0
40982,0
24487,0
24672,0
8437,1
33221,1
31952,0
650,0
18631,0
34735,0
27942,0
18268,0
7409,0
31062,0
7847,0
20896,0
5829,0
20003,0
9435,1
28337,0
22167,0
37914,0
28721,0
30180,0
18426,0
31676,0
14361,0
17734,0
32452,0
5851,0
27497,0
19115,0
27123,1
12810,0
38999,0
21423,0
31526,0
13960,0
36584,0
5556,0
12746,0
38907,0
25933,0
22527,0
35045,0
5308,0
6660,0
19439,0
11604,0
37233,0
12897,0
22367,0
40343,0
15885,0
36945,0
33758,0
6979,0
30205,0
9254,0
40395,0
11014,0
17712,0
14404,0
35570,0
9199,0
12161,0
20276,0
21505,0
12345,0
10415,0
39194,0
14462,0
22103,0
11093,0
39110,0
14960,0
23063,0
38044,0
4312,0
10047,0
6928,0
10254,0
19679,0
33453,0
29179,0
40787,0
21364,0
10781,0
14,0
7494,0
16343,0
33120,0
13166,0
1772,0
24032,0
5404,0
12908,1
26045,0
19129,0
3110,0
33280,0
29177,0
39630,0
41100,0
26752,0
40801,0
27108,1
40453,0
34449,1
7668,0
25724,0
24984,0
25044,0
20185,0
31926,0
3019,0
30665,0
23186,0
5557,0
18502,0
4181,0
16692,0
9579,0
776,0
18149,0
17994,0
35016,0
12425,0
39755,0
28539,0
18799,0
24700,0
9167,0
30658,0
24375,0
17306,0
26985,0
1744,0
5708,1
6412,0
40995,0
2998,0
29810,0
18568,0
15547,0
37248,0
6022,0
2658,0
20306,0
8133,0
11669,0
17518,0
15790,0
25048,0
15863,0
18344,0
22428,0
3166,0
1369,0
24369,0
29658,0
27182,0
1893,0
1767,0
15370,0
34908,0
14334,0
33176,0
40080,0
8321,0
18682,0
30418,0
22569,0
18306,0
23018,0
28282,0
28222,0
18758,0
26233,0
14590,0
18478,0
18556,0
8151,0
27104,0
36098,0
834,0
3060,0
23686,0
41060,0
22579,0
14182,0
30137,0
35647,0
34317,0
3342,0
2866,0
14924,0
24880,0
4444,0
10430,0
6830,0
10537,0
13327,0
39851,0
467,0
16901,0
12025,0
11489,0
26776,0
1874,0
36265,0
10203,0
39792,0
19216,0
34253,0
25018,0
11242,0
40469,0
38051,0
15341,0
14167,0
8730,0
37010,0
12510,0
6401,0
15750,0
7819,0
18051,0
25482,0
11032,0
31607,1
34815,0
1059,0
22687,0
15135,0
19980,0
26620,0
24165,0
35534,0
22951,0
6319,0
21221,0
38699,0
30955,0
17709,0
10439,0
4406,0
17501,0
30781,0
19555,1
30957,0
2835,0
17213,0
4305,0
15242,0
1886,0
18894,0
4250,0
13225,0
8957,0
15032,0
32603,0
11483,0
24779,0
27969,0
832,0
9383,0
7287,0
30264,0
38296,0
18675,0
21466,0
36203,0
17052,0
10277,0
28005,0
18792,0
32681,0
4839,0
31778,0
3813,0
9924,0
35591,0
14464,0
32616,0
28496,0
1670,0
30896,0
23881,0
356,0
9815,0
30766,0
15525,0
35467,0
20489,0
3894,0
12390,0
3458,0
17412,0
8746,0
35202,0
39235,0
3810,0
27537,0
31030,0
21123,0
15736,0
39190,0
31002,0
35070,0
32517,0
23899,0
3868,0
26341,0
10473,0
452,0
12318,0
28149,0
26902,0
1785,0
632,0
10037,0
34936,0
26977,0
6942,0
4016,1
30330,0
1920,0
26899,0
12187,0
23747,0
24906,0
10990,0
36622,0
13223,0
24379,0
17044,0
30244,0
28854,0
37292,0
11362,1
2939,0
33107,0
953,0
22432,0
13924,0
13716,0
7689,0
19053,0
29058,0
28475,0
36361,1
24703,0
16629,0
21118,0
32983,0
23326,0
12057,1
4642,0
6413,0
28861,0
39709,0
36497,0
17673,0
28079,0
29766,0
12380,0
31340,0
29191,0
20615,0
27197,0
12349,0
3228,0
29845,0
94,0
11950,0
25190,0
25171,0
19647,0
14381,0
33585,0
17855,0
17835,0
23302,0
12401,0
19987,0
2974,0
19289,0
1549,0
38301,0
5278,0
40478,0
38493,0
20275,0
40674,0
10802,0
4202,0
913,0
27144,0
15714,0
34479,0
23693,0
20321,0
16470,0
9712,0
3209,0
36419,0
11216,0
19144,0
27068,0
9721,0
10980,0
4967,0
18006,0
6711,0
9626,0
17153,0
32059,0
3095,0
38797,0
25918,0
26215,0
40941,0
37934,0
36935,0
24745,0
10319,0
24450,0
40368,0
9119,0
40914,0
32572,1
10951,0
17499,0
40605,0
38236,0
13259,0
9346,0
14533,0
13216,0
12022,0
35330,0
39712,0
13974,0
37305,0
41120,0
10156,0
10170,0
28131,0
25448,0
36667,0
5475,0
38642,0
18574,0
18841,0
38890,0
16926,0
8396,0
6826,0
40828,0
26019,0
9031,0
6400,0
11672,0
26807,0
4536,1
28545,0
39646,0
37619,0
17543,0
23437,0
30438,0
18787,0
3245,0
10228,0
35022,0
34960,0
24713,0
32993,0
16179,0
36041,0
26164,0
29582,0
32761,0
4862,0
8117,0
40340,0
13126,0
30089,0
38215,0
34573,0
32936,0
27607,0
27233,0
40106,0
34530,0
19382,0
3131,0
30972,0
19785,0
22260,0
38711,0
35806,0
10552,0
19546,0
11426,0
14771,0
7788,0
17571,0
5938,0
25608,0
39275,0
9055,0
8429,0
29796,0
2372,0
17830,0
38344,0
34332,0
4437,0
4770,0
4223,0
17644,0
15149,0
25975,0
732,0
18177,0
5025,0
32198,0
11247,0
6229,0
23120,0
19602,0
26626,0
26661,0
21981,0
27564,1
7589,0
33353,0
30134,0
38448,0
36181,0
14773,0
21759,0
27926,0
31186,0
12108,0
9264,0
1017,0
30822,0
11828,0
37045,0
13550,0
21362,0
24736,0
5782,0
4022,0
15278,0
9289,0
20291,0
30319,0
15077,0
29670,0
5781,0
17192,0
13709,0
4527,0
8365,0
37778,0
13114,0
40680,0
33397,0
9334,0
15140,0
8672,0
15684,0
15819,0
32443,0
9732,0
17724,0
17534,0
31482,0
38719,0
19284,0
3142,0
5699,0
16645,0
2566,0
26703,0
23961,0
13476,0
19228,0
21762,0
3463,0
15075,0
10186,0
15862,0
23762,0
38726,0
37514,0
29605,0
32253,1
16142,0
18541,0
22222,0
28765,0
16141,0
34956,0
14676,0
24386,0
8015,0
392,0
1733,0
27821,0
29799,0
27299,0
39568,0
8470,0
10774,0
16241,0
6165,0
14845,0
17718,0
24169,0
13237,0
13494,0
39538,0
20706,0
15733,0
38226,0
22970,0
25347,0
26357,0
25202,0
3799,0
16524,0
29699,0
14721,0
27337,0
20592,0
31610,0
24455,0
4860,0
13564,0
40567,0
20906,0
14489,1
11017,0
6829,0
5891,0
33216,0
14749,0
7978,0
4794,0
26979,0
31177,0
11015,0
14947,0
39306,0
10382,0
16392,0
4684,0
17675,0
8405,0
33840,0
23092,0
6478,0
39147,0
13592,0
32201,0
9014,0
5816,0
2744,0
22877,0
696,0
6956,0
31095,0
28492,0
16844,0
39228,0
27065,0
10703,0
28458,0
12311,0
18732,0
6682,0
19112,0
12584,0
5380,0
5000,0
40653,0
26708,0
23062,0
151,0
19457,0
29140,0
29131,0
11921,0
34677,0
34289,0
4876,0
14212,0
23967,1
15266,0
27990,0
20596,0
30132,0
40550,0
288,0
39410,0
19002,0
16953,0
20272,0
34641,0
18121,0
37160,0
38472,0
12531,0
21220,0
10680,0
40433,0
25456,0
27637,0
209,0
28740,0
38995,0
38295,0
2947,0
6206,0
40024,0
13272,0
32907,0
18996,0
10515,0
37704,0
2169,0
40650,0
9900,0
7954,0
35932,0
2671,1
37659,0
40847,0
2088,0
29256,0
21273,0
24764,0
5770,0
25205,0
35065,0
15392,0
31588,0
33440,0
38316,0
36189,0
30030,0
9300,0
31380,0
24246,0
25209,0
37371,0
24335,0
14627,1
19687,0
26362,0
34141,0
24382,0
17623,0
22922,0
38010,0
13163,0
775,1
19224,0
39954,0
9375,0
18307,0
32755,0
35579,0
11803,0
13824,0
3660,0
23679,0
38412,0
37642,0
2573,0
3148,0
3749,0
5914,0
4078,0
4997,0
37546,0
29215,1
639,0
15447,0
21059,0
8533,0
32456,0
14674,0
32185,0
13959,0
9560,0
21323,0
34153,0
33223,0
14436,0
18629,0
22189,0
30419,0
16663,0
28416,0
28291,0
22033,0
4336,0
10329,0
24116,0
3688,0
13542,0
21023,0
5277,0
15316,0
633,0
8520,0
38410,0
31552,0
18572,0
3054,0
14279,0
5006,0
19290,0
27375,0
8214,1
39327,0
37751,0
11511,0
18459,0
18088,0
29838,0
15880,0
32002,0
34275,0
880,0
28072,0
40491,0
5310,0
6154,0
